sym,date,open,high,low,close,volume
DELL,2023-01-03,40.56,40.975,39.97,40.9,2679283
DELL,2023-01-04,41.39,41.6,40.575,40.94,2790006
DELL,2023-01-05,40.75,41.1,40.28,40.87,2483742
DELL,2023-01-06,41.17,42.59,40.82,42.42,3179732
DELL,2023-01-09,42.7,43.1,42.185,42.28,2966450
DELL,2023-01-10,42.08,42.63,41.8245,42.49,2780326
DELL,2023-01-11,42.08,42.2,39.68,40.77,5620313
DELL,2023-01-12,40.52,40.71,39.7802,39.93,4410091
DELL,2023-01-13,39.36,40.21,38.99,40.18,3383656
DELL,2023-01-17,40.13,40.19,39.45,40.03,2691621
DELL,2023-01-18,40.27,40.5,39.69,40.02,2757552
DELL,2023-01-19,39.42,39.86,39.03,39.46,3341651
DELL,2023-01-20,39.85,40.29,39.3998,40.26,2908047
DELL,2023-01-23,40.76,41.62,40.59,41.04,2745210
DELL,2023-01-24,40.2,41.07,40.11,40.59,1903050
DELL,2023-01-25,40.0,40.78,39.775,40.52,2705810
DELL,2023-01-26,40.95,41.05,40.22,40.99,1645296
DELL,2023-01-27,40.7,41.17,40.3,40.31,2677282
DELL,2023-01-30,39.96,40.41,39.84,40.01,2444028
DELL,2023-01-31,39.95,40.62,39.5,40.62,2562550
DELL,2023-02-01,40.5,41.44,40.34,41.23,3476465
DELL,2023-02-02,41.5,43.08,41.485,42.42,4623225
DELL,2023-02-03,41.96,42.78,41.7,42.24,2936717
DELL,2023-02-06,42.18,42.18,40.3101,40.96,4299348
DELL,2023-02-07,40.86,42.195,40.795,41.99,3268817
DELL,2023-02-08,41.68,42.24,41.57,41.84,2643279
DELL,2023-02-09,42.6,42.97,41.915,42.04,2878379
DELL,2023-02-10,41.88,43.25,41.72,42.72,3964177
DELL,2023-02-13,42.81,43.82,42.64,43.4,3705241
DELL,2023-02-14,43.25,43.8,42.93,43.03,2277181
DELL,2023-02-15,42.55,43.05,42.47,42.8,2139952
DELL,2023-02-16,42.47,43.72,42.34,42.72,2961076
DELL,2023-02-17,42.59,42.97,42.32,42.48,2728395
DELL,2023-02-21,41.91,42.44,41.69,41.89,3973160
DELL,2023-02-22,42.06,42.2601,41.6,41.81,2240581
DELL,2023-02-23,42.2,42.43,41.4373,42.03,3414212
DELL,2023-02-24,41.32,41.8,41.11,41.61,3712849
DELL,2023-02-27,42.13,42.19,40.871,41.0,5148218
DELL,2023-02-28,40.86,41.675,40.51,40.64,7672583
DELL,2023-03-01,40.84,40.95,39.97,40.44,7083437
DELL,2023-03-02,40.2,40.25,38.895,40.17,9084604
DELL,2023-03-03,39.06,40.99,38.82,39.79,7775747
DELL,2023-03-06,40.26,40.31,39.07,39.07,5330225
DELL,2023-03-07,39.12,39.53,37.99,38.0,4812983
DELL,2023-03-08,38.2,38.8,38.03,38.77,3010007
DELL,2023-03-09,38.58,38.92,37.72,37.8,2731224
DELL,2023-03-10,37.67,37.7399,36.285,36.72,3661893
DELL,2023-03-13,36.17,36.82,35.96,36.57,5580849
DELL,2023-03-14,37.49,38.295,37.16,37.55,4433854
DELL,2023-03-15,36.92,38.13,36.85,37.51,5072606
DELL,2023-03-16,36.52,38.11,36.45,38.05,5952214
DELL,2023-03-17,37.86,38.19,36.875,37.22,13488374
DELL,2023-03-20,37.59,38.84,37.49,38.55,5994133
DELL,2023-03-21,39.0,39.35,38.735,39.15,3619390
DELL,2023-03-22,39.22,39.48,38.05,38.08,3286304
DELL,2023-03-23,38.32,38.61,37.38,37.82,3215967
DELL,2023-03-24,37.63,37.68,36.81,37.38,4261601
DELL,2023-03-27,37.79,38.155,37.63,37.99,3018936
DELL,2023-03-28,37.88,38.32,37.56,38.31,3981934
DELL,2023-03-29,38.9,39.24,38.64,39.12,3746590
DELL,2023-03-30,39.47,39.95,39.44,39.86,4139649
DELL,2023-03-31,39.94,40.39,39.935,40.21,3915755
DELL,2023-04-03,40.14,41.15,40.06,40.97,4756258
DELL,2023-04-04,41.24,41.35,40.49,40.87,3749333
DELL,2023-04-05,40.73,41.13,40.34,40.8,3046654
DELL,2023-04-06,40.59,40.79,40.225,40.23,2186483
DELL,2023-04-10,39.9,41.44,39.9,41.43,3470222
DELL,2023-04-11,41.42,41.945,41.4,41.6,2897808
DELL,2023-04-12,41.8,41.99,41.15,41.87,3519191
DELL,2023-04-13,41.96,42.765,41.762,42.65,4411866
DELL,2023-04-14,42.74,43.73,42.69,43.28,7116928
DELL,2023-04-17,42.75,43.995,42.71,43.93,6329647
DELL,2023-04-18,44.24,45.65,44.2,45.5,9277745
DELL,2023-04-19,44.47,45.31,43.82,43.83,7267044
DELL,2023-04-20,43.41,43.57,42.75,42.92,4489175
DELL,2023-04-21,42.73,43.14,42.52,43.11,4905007
DELL,2023-04-24,42.7,42.87,42.365,42.68,2814398
DELL,2023-04-25,42.6,42.67,41.7,41.71,2395956
DELL,2023-04-26,41.75,42.19,41.465,41.67,2501488
DELL,2023-04-27,41.825,42.81,41.79,42.8,2988541
DELL,2023-04-28,42.9,43.635,42.815,43.49,3792385
DELL,2023-05-01,43.49,44.109,43.385,43.82,4516203
DELL,2023-05-02,45.01,45.65,43.88,44.76,6777968
DELL,2023-05-03,45.05,45.745,44.795,45.16,5124861
DELL,2023-05-04,45.03,45.15,44.085,44.18,3549730
DELL,2023-05-05,44.74,45.795,44.61,45.39,3699659
DELL,2023-05-08,45.52,46.185,45.17,46.02,3888001
DELL,2023-05-09,46.09,46.215,45.265,45.98,3220612
DELL,2023-05-10,46.42,46.56,45.445,45.83,3062185
DELL,2023-05-11,45.62,45.71,44.48,44.7,3737472
DELL,2023-05-12,44.72,44.8,44.19,44.76,2397273
DELL,2023-05-15,44.8,44.995,44.445,44.93,2996359
DELL,2023-05-16,44.84,46.13,44.675,45.38,3910213
DELL,2023-05-17,45.8,46.17,45.24,45.85,2404596
DELL,2023-05-18,45.77,47.31,45.65,47.12,3923440
DELL,2023-05-19,47.36,48.19,47.36,47.75,5111045
DELL,2023-05-22,46.75,47.94,46.37,47.54,3805579
DELL,2023-05-23,47.34,47.6,46.34,46.35,4141058
DELL,2023-05-24,46.06,46.06,45.25,45.91,3230722
DELL,2023-05-25,46.8,48.32,46.555,48.08,4081727
DELL,2023-05-26,48.15,48.55,47.48,48.51,4297112
DELL,2023-05-30,48.79,49.1,47.17,47.32,5464420
DELL,2023-05-31,45.98,46.17,44.45,44.81,9937448
DELL,2023-06-01,45.005,47.5,44.71,45.46,14458270
DELL,2023-06-02,45.5,47.8448,45.37,47.27,7914735
DELL,2023-06-05,47.26,47.58,45.3,45.48,6356351
DELL,2023-06-06,45.38,47.08,45.16,46.85,5466201
DELL,2023-06-07,46.86,47.779,46.77,47.66,4095959
DELL,2023-06-08,47.99,48.1,47.2,47.89,3976290
DELL,2023-06-09,48.09,48.67,47.59,47.61,3293572
DELL,2023-06-12,47.72,48.12,47.615,48.07,3596854
DELL,2023-06-13,48.28,48.82,48.25,48.8,2805666
DELL,2023-06-14,48.63,49.69,48.63,49.38,4013664
DELL,2023-06-15,49.35,50.46,49.175,50.2,3216611
DELL,2023-06-16,50.195,50.3,49.53,49.67,9363258
DELL,2023-06-20,49.51,49.58,48.74,49.33,4213507
DELL,2023-06-21,49.88,50.59,49.405,50.06,5943345
DELL,2023-06-22,49.84,51.44,49.76,51.28,6326781
DELL,2023-06-23,50.59,51.66,50.51,50.87,18291804
DELL,2023-06-26,51.12,51.58,50.721,51.32,3404548
DELL,2023-06-27,51.32,51.57,50.85,51.39,3496000
DELL,2023-06-28,51.03,51.92,50.91,51.77,2946842
DELL,2023-06-29,52.0,53.15,51.8,53.1,4033421
DELL,2023-06-30,53.94,54.61,53.76,54.11,5182432
DELL,2023-07-03,54.0,54.78,53.74,54.61,1828579
DELL,2023-07-05,54.08,54.675,53.86,54.21,2639962
DELL,2023-07-06,53.65,54.325,53.34,53.8,3596194
DELL,2023-07-07,53.92,54.52,53.47,53.53,5404221
DELL,2023-07-10,53.27,54.88,53.22,54.87,3238466
DELL,2023-07-11,55.0,55.86,54.88,55.74,4597127
DELL,2023-07-12,55.5,55.69,54.15,54.17,5882103
DELL,2023-07-13,54.56,55.66,54.22,55.64,5375814
DELL,2023-07-14,55.58,56.1,54.84,55.42,4227961
DELL,2023-07-17,55.58,55.66,54.69,54.7,4146549
DELL,2023-07-18,54.98,55.05,53.12,53.83,5677942
DELL,2023-07-19,53.97,54.52,53.95,54.3,3292656
DELL,2023-07-20,53.85,54.23,53.24,53.6,3414902
DELL,2023-07-21,53.44,54.28,53.43,53.56,2875677
DELL,2023-07-24,53.77,54.225,53.575,53.73,2937705
DELL,2023-07-25,54.0,54.66,54.0,54.37,2395580
DELL,2023-07-26,54.24,54.545,53.76,53.92,1931326
DELL,2023-07-27,54.43,54.78,53.59,53.71,2957525
DELL,2023-07-28,54.14,54.42,52.525,52.61,4748122
DELL,2023-07-31,52.54,53.16,52.36,52.92,3865564
DELL,2023-08-01,52.78,53.675,52.78,53.37,3681357
DELL,2023-08-02,53.045,53.26,52.465,52.95,2789083
DELL,2023-08-03,52.5,53.955,52.05,53.51,2615546
DELL,2023-08-04,53.59,54.56,53.06,53.24,2533645
DELL,2023-08-07,53.53,54.64,53.53,54.57,2738380
DELL,2023-08-08,55.04,58.72,54.82,57.58,8257969
DELL,2023-08-09,57.47,57.87,56.545,56.57,2754278
DELL,2023-08-10,57.19,57.38,55.42,56.0,3189129
DELL,2023-08-11,56.07,57.58,55.7501,56.84,3118060
DELL,2023-08-14,56.52,56.96,56.29,56.76,2253876
DELL,2023-08-15,56.56,56.69,55.69,55.73,2279395
DELL,2023-08-16,55.68,56.305,55.16,55.22,1834689
DELL,2023-08-17,55.3,55.83,54.625,54.86,3966952
DELL,2023-08-18,54.51,55.35,54.33,54.93,2324635
DELL,2023-08-21,55.08,56.45,55.08,56.05,4076048
DELL,2023-08-22,56.43,56.56,55.55,55.8,2188497
DELL,2023-08-23,56.22,56.92,55.71,56.83,2643684
DELL,2023-08-24,57.44,57.66,56.22,56.71,3925955
DELL,2023-08-25,56.78,56.875,55.62,56.21,2680980
DELL,2023-08-28,56.36,57.5,56.07,57.19,3252569
DELL,2023-08-29,57.18,57.28,56.32,56.5,4939372
DELL,2023-08-30,54.68,55.95,53.62,55.69,6340577
DELL,2023-08-31,55.99,56.799,55.56,56.24,7050346
DELL,2023-09-01,64.09,70.28,63.86,68.19,32070501
DELL,2023-09-05,68.05,69.83,67.54,68.1,9466373
DELL,2023-09-06,68.0,70.48,67.83,70.47,7585616
DELL,2023-09-07,69.47,70.6197,68.57,68.98,7649325
DELL,2023-09-08,69.37,70.89,69.09,70.5,5550484
DELL,2023-09-11,71.12,72.82,70.56,72.16,7449202
DELL,2023-09-12,71.65,72.27,70.59,70.73,4782518
DELL,2023-09-13,70.92,71.2,69.76,70.45,2801459
DELL,2023-09-14,70.47,71.16,70.12,71.16,5116847
DELL,2023-09-15,70.8999,71.09,68.65,69.29,6093460
DELL,2023-09-18,69.01,69.45,68.4001,69.15,3527363
DELL,2023-09-19,69.805,70.41,69.28,69.9,3844194
DELL,2023-09-20,69.91,70.4543,68.87,68.94,3091710
DELL,2023-09-21,68.26,69.2,68.04,68.44,3924650
DELL,2023-09-22,68.73,70.59,68.62,70.05,4495031
DELL,2023-09-25,70.19,70.98,69.4,70.03,3643708
DELL,2023-09-26,69.8,70.035,68.93,68.93,3214382
DELL,2023-09-27,69.8,69.98,67.23,67.95,5517393
DELL,2023-09-28,68.21,69.27,68.06,68.5,3375091
DELL,2023-09-29,69.1,69.6,68.55,68.9,6379819
DELL,2023-10-02,68.61,69.33,67.34,67.7,3902534
DELL,2023-10-03,68.74,68.94,66.82,67.24,4329670
DELL,2023-10-04,67.31,67.87,66.46,67.2,6075271
DELL,2023-10-05,66.29,67.06,64.32,66.19,7329844
DELL,2023-10-06,66.72,67.07,65.89,66.41,8053994
DELL,2023-10-09,66.24,67.455,66.0,67.18,6012462
DELL,2023-10-10,67.34,68.545,67.34,67.98,8039459
DELL,2023-10-11,68.24,70.35,68.08,70.34,5088644
DELL,2023-10-12,70.03,70.77,68.65,69.05,4301745
DELL,2023-10-13,69.42,70.64,67.755,68.04,4635966
DELL,2023-10-16,67.88,68.61,67.26,67.76,5387491
DELL,2023-10-17,67.26,68.645,66.7,67.9,4220108
DELL,2023-10-18,67.25,68.335,66.87,66.89,3434594
DELL,2023-10-19,67.24,68.68,66.785,67.03,4750767
DELL,2023-10-20,66.82,67.25,65.35,65.91,4617030
DELL,2023-10-23,65.45,66.27,64.69,65.54,2945050
DELL,2023-10-24,66.39,67.16,66.02,66.95,4078472
DELL,2023-10-25,66.83,67.54,66.08,66.34,4581168
DELL,2023-10-26,66.14,66.6,63.9,64.51,4406117
DELL,2023-10-27,65.0,66.16,65.0,65.96,5273279
DELL,2023-10-30,65.95,66.79,65.843,66.43,3741991
DELL,2023-10-31,66.03,66.96,65.73,66.91,3114202
DELL,2023-11-01,67.29,68.74,66.75,68.67,3407637
DELL,2023-11-02,69.38,69.93,68.31,68.65,3747186
DELL,2023-11-03,68.985,70.06,68.64,69.51,3924642
DELL,2023-11-06,69.76,72.3,69.76,71.97,6350272
DELL,2023-11-07,71.6,72.31,71.15,71.61,5657491
DELL,2023-11-08,71.66,72.5,71.03,72.48,3526275
DELL,2023-11-09,72.63,73.27,71.66,72.24,3555690
DELL,2023-11-10,72.71,73.79,72.41,73.5,2560282
DELL,2023-11-13,72.85,74.05,72.35,73.77,3234680
DELL,2023-11-14,74.435,74.46,73.325,73.89,5171966
DELL,2023-11-15,73.02,74.12,72.5101,72.94,5266956
DELL,2023-11-16,72.8,73.08,71.81,72.54,4044292
DELL,2023-11-17,72.8,74.01,72.61,73.6,4052671
DELL,2023-11-20,73.89,74.02,73.11,73.36,3241972
DELL,2023-11-21,73.83,74.05,72.91,73.62,3737309
DELL,2023-11-22,74.25,75.38,74.01,74.68,3522211
DELL,2023-11-24,74.63,75.05,74.17,74.41,1695892
DELL,2023-11-27,74.32,75.13,73.34,74.46,3686196
DELL,2023-11-28,74.0,74.91,73.85,74.03,3126675
DELL,2023-11-29,74.45,76.09,74.415,75.06,5427845
DELL,2023-11-30,75.105,75.98,74.64,75.87,10519936
DELL,2023-12-01,71.86,73.059,68.5,71.93,14361161
DELL,2023-12-04,70.87,71.06,68.67,69.32,7444068
DELL,2023-12-05,69.21,70.32,69.11,69.29,4977393
DELL,2023-12-06,69.48,69.82,67.51,67.63,5260180
DELL,2023-12-07,67.57,68.81,67.57,68.59,5460703
DELL,2023-12-08,68.43,69.31,68.43,68.7,3003413
DELL,2023-12-11,68.59,69.76,68.49,69.24,3945464
DELL,2023-12-12,69.1,70.31,68.94,69.99,3436413
DELL,2023-12-13,69.99,70.48,69.265,69.87,4234223
DELL,2023-12-14,71.0,72.46,70.89,72.43,7684324
DELL,2023-12-15,72.02,72.985,71.39,71.62,5539384
DELL,2023-12-18,71.62,73.68,71.045,73.37,4810275
DELL,2023-12-19,73.7,74.01,72.8567,73.53,2684002
DELL,2023-12-20,73.54,74.28,72.31,72.42,4336856
DELL,2023-12-21,73.39,75.395,73.39,75.32,4381829
DELL,2023-12-22,75.68,76.15,75.05,75.71,4244001
DELL,2023-12-26,75.99,77.2998,75.87,77.0,3001170
DELL,2023-12-27,77.02,77.45,76.92,77.26,2050387
DELL,2023-12-28,77.0,77.18,76.65,76.68,1546653
DELL,2023-12-29,76.82,76.93,76.2,76.5,2293493
DELL,2024-01-02,75.45,76.0,74.32,74.79,2955102
DELL,2024-01-03,74.83,76.81,74.555,76.6,4194296
DELL,2024-01-04,76.67,77.13,75.84,75.97,3029462
DELL,2024-01-05,75.44,76.45,75.33,75.84,2951058
DELL,2024-01-08,78.0,79.67,77.36,79.36,6552446
DELL,2024-01-09,79.17,79.45,77.06,77.11,4849080
DELL,2024-01-10,77.83,78.76,77.68,78.25,3054735
DELL,2024-01-11,78.77,79.8,77.54,79.71,4024026
DELL,2024-01-12,79.94,80.27,79.19,79.31,4843533
DELL,2024-01-16,79.0,79.57,78.5,79.52,4348315
DELL,2024-01-17,78.5,78.8,76.9,77.66,4928394
DELL,2024-01-18,78.71,79.0,77.7,78.41,3076497
DELL,2024-01-19,79.12,84.755,79.12,83.19,9448917
DELL,2024-01-22,83.74,83.79,81.0,81.14,4248243
DELL,2024-01-23,81.0,82.47,80.54,82.43,2673329
DELL,2024-01-24,83.5,84.92,83.0,83.71,3637823
DELL,2024-01-25,84.495,85.04,83.01,83.04,2723305
DELL,2024-01-26,82.51,84.38,82.1164,84.22,2927466
DELL,2024-01-29,84.38,84.67,83.345,83.41,2710308
DELL,2024-01-30,85.72,86.45,84.32,84.8,3838911
DELL,2024-01-31,83.28,83.59,81.8159,82.88,3587173
DELL,2024-02-01,83.6,85.98,83.0,85.78,2729313
DELL,2024-02-02,85.63,86.9,85.22,86.32,3683936
DELL,2024-02-05,86.53,86.87,84.76,85.71,2204220
DELL,2024-02-06,85.73,85.99,82.16,82.68,5015052
DELL,2024-02-07,83.44,83.83,82.78,83.74,2964177
DELL,2024-02-08,83.61,85.14,83.51,84.8,2993875
DELL,2024-02-09,85.25,86.65,85.01,86.2,2315688
DELL,2024-02-12,86.5,86.89,85.83,86.62,2979121
DELL,2024-02-13,84.985,85.185,83.45,83.98,3134257
DELL,2024-02-14,85.06,86.23,84.72,86.04,2361315
DELL,2024-02-15,85.48,85.91,82.42,82.72,4418498
DELL,2024-02-16,83.3,85.32,82.79,84.21,4841750
DELL,2024-02-20,83.88,83.99,81.22,82.46,3111062
DELL,2024-02-21,81.29,81.81,80.49,81.39,3365285
DELL,2024-02-22,85.96,89.12,85.4,87.79,8284115
DELL,2024-02-23,89.055,92.68,88.0,90.35,6997290
DELL,2024-02-26,92.62,94.99,91.8,92.77,8175396
DELL,2024-02-27,93.0,93.48,90.73,91.56,5888086
DELL,2024-02-28,92.1,94.37,91.2718,93.25,5909825
DELL,2024-02-29,91.0,94.795,91.0,94.66,14317003
DELL,2024-03-01,124.67,131.06,116.45,124.59,62169006
DELL,2024-03-04,123.95,129.05,120.8,121.78,23835958
DELL,2024-03-05,120.75,121.52,113.89,117.75,15019166
DELL,2024-03-06,119.445,120.56,116.96,118.5,10569122
DELL,2024-03-07,120.0,122.02,119.31,120.5,9644266
DELL,2024-03-08,120.29,120.77,114.945,116.25,11015227
DELL,2024-03-11,115.48,116.8308,113.63,115.86,5936758
DELL,2024-03-12,117.3,118.29,113.4,113.55,6569996
DELL,2024-03-13,113.5,114.33,109.33,110.0,7161959
DELL,2024-03-14,110.7,111.41,105.0,106.45,8069808
DELL,2024-03-15,107.044,108.98,105.64,107.0,9159679
DELL,2024-03-18,106.99,107.87,104.66,106.63,7402888
DELL,2024-03-19,107.02,108.88,105.045,107.52,7971732
DELL,2024-03-20,107.91,111.33,106.06,111.07,9600219
DELL,2024-03-21,113.18,115.77,112.25,114.04,11678008
DELL,2024-03-22,112.905,113.8,111.79,112.24,4711422
DELL,2024-03-25,111.27,114.81,110.312,113.0,6152280
DELL,2024-03-26,113.35,116.85,113.25,114.65,7389230
DELL,2024-03-27,114.01,115.23,110.93,111.68,4375982
DELL,2024-03-28,112.25,114.45,111.89,114.11,4153353
DELL,2024-04-01,114.25,119.71,114.25,119.64,8064085
DELL,2024-04-02,117.39,118.79,115.31,118.44,5503125
DELL,2024-04-03,117.79,129.76,117.66,128.58,19390813
DELL,2024-04-04,129.85,136.16,126.675,127.16,19494763
DELL,2024-04-05,128.0,132.92,123.51,132.72,10813487
DELL,2024-04-08,132.95,133.4399,125.56,127.15,11952250
DELL,2024-04-09,126.43,126.75,120.45,123.73,9993308
DELL,2024-04-10,121.19,126.07,121.1,123.37,5944974
DELL,2024-04-11,123.61,125.78,123.14,124.04,5058307
DELL,2024-04-12,121.49,122.35,117.61,117.76,7501738
DELL,2024-04-15,119.0,122.5,117.27,117.81,6735550
DELL,2024-04-16,116.66,121.74,115.68,121.08,6685830
DELL,2024-04-17,122.62,123.67,118.31,119.62,5332799
DELL,2024-04-18,119.61,119.65,115.51,118.37,5009150
DELL,2024-04-19,116.36,119.18,114.3,114.87,9384049
DELL,2024-04-22,115.0,118.34,114.25,115.54,5406423
DELL,2024-04-23,116.38,121.0793,115.7,120.63,5078243
DELL,2024-04-24,126.01,126.01,119.31,120.2,5668350
DELL,2024-04-25,118.33,125.28,117.0,124.91,6584960
DELL,2024-04-26,125.62,126.55,123.04,125.06,5506657
DELL,2024-04-29,125.2,127.73,123.2701,127.7,4943416
DELL,2024-04-30,126.25,126.99,123.8401,124.64,5020622
DELL,2024-05-01,122.91,124.16,117.43,118.78,7156638
DELL,2024-05-02,121.64,123.91,118.363,123.39,4832454
DELL,2024-05-03,125.49,127.5899,124.71,125.1,3936271
DELL,2024-05-06,125.0,129.3915,124.2511,129.33,5025088
DELL,2024-05-07,128.22,129.7,126.25,127.55,3245105
DELL,2024-05-08,127.16,131.88,126.0,131.61,4876742
DELL,2024-05-09,131.17,132.4199,129.27,131.68,6369835
DELL,2024-05-10,133.93,134.6,131.42,132.77,4534546
DELL,2024-05-13,133.3,134.9,130.68,131.01,4090522
DELL,2024-05-14,129.49,134.69,128.6,134.12,4172248
DELL,2024-05-15,139.9,150.28,138.66,149.16,16958536
DELL,2024-05-16,150.5,150.84,143.5,146.3,9150234
DELL,2024-05-17,148.63,150.2809,145.88,149.52,9876634
DELL,2024-05-20,150.9,154.59,145.02,145.45,10525132
DELL,2024-05-21,145.05,149.9,144.0,147.24,6425057
DELL,2024-05-22,147.91,148.99,145.865,147.78,4689506
DELL,2024-05-23,158.99,162.71,150.13,153.57,16823228
DELL,2024-05-24,156.02,166.77,154.61,160.18,17395592
DELL,2024-05-28,168.43,169.69,161.01,166.08,18666300
DELL,2024-05-29,165.56,179.7,164.3,179.21,23213162
DELL,2024-05-30,178.8,178.84,165.11,169.92,44460010
DELL,2024-05-31,143.8,144.8,131.01,139.56,66583119
DELL,2024-06-03,140.55,140.74,128.6,132.03,41198955
DELL,2024-06-04,132.2,138.98,131.88,135.76,21545871
DELL,2024-06-05,135.95,139.4,132.95,137.66,19106912
DELL,2024-06-06,136.25,136.7,132.1548,133.96,13903380
DELL,2024-06-07,131.5,134.06,127.59,129.97,19211328
DELL,2024-06-10,129.0,135.46,128.4,132.45,13874804
DELL,2024-06-11,131.5,134.85,130.02,131.64,9138597
DELL,2024-06-12,132.83,132.94,130.1,131.81,11384623
DELL,2024-06-13,131.99,136.19,131.8,135.02,16024871
DELL,2024-06-14,133.37,135.53,131.29,134.98,12897827
DELL,2024-06-17,137.13,144.74,137.03,142.03,26804109
DELL,2024-06-18,143.58,154.14,143.3,149.15,33317354
DELL,2024-06-20,156.625,161.5192,145.02,148.52,39915990
DELL,2024-06-21,145.78,147.19,140.64,145.06,16358081
DELL,2024-06-24,143.305,143.56,137.56,137.56,13986842
DELL,2024-06-25,139.315,141.75,137.61,140.35,8413271
DELL,2024-06-26,138.52,141.31,135.09,138.24,12497685
DELL,2024-06-27,137.83,141.8299,137.6,139.43,9461593
DELL,2024-06-28,139.53,141.77,136.21,137.91,20214110
DELL,2024-07-01,137.48,144.6872,133.63,142.82,11346612
DELL,2024-07-02,140.22,143.54,139.92,143.47,7727472
DELL,2024-07-03,147.6893,149.47,140.5914,142.67,13170699
DELL,2024-07-05,142.2,142.76,138.31,138.96,8846249
DELL,2024-07-08,140.0,147.1237,139.2,145.97,12321793
DELL,2024-07-09,146.06,150.23,143.8332,145.74,11367560
DELL,2024-07-10,146.29,147.23,141.83,145.77,7367920
DELL,2024-07-11,145.56,146.4499,139.42,140.72,8229529
DELL,2024-07-12,139.6,141.54,137.5001,139.57,7355550
DELL,2024-07-15,140.75,141.09,136.52,137.22,8050144
DELL,2024-07-16,137.64,137.73,132.39,134.26,9820990
DELL,2024-07-17,128.14,129.77,124.67,125.17,18859793
DELL,2024-07-18,126.63,126.94,122.03,125.34,9626753
DELL,2024-07-19,125.41,127.88,124.27,125.79,6917117
DELL,2024-07-22,128.17,129.87,127.08,128.74,5967749
DELL,2024-07-23,126.95,128.15,125.35,125.85,5910626
DELL,2024-07-24,123.53,123.53,115.89,116.12,15446778
DELL,2024-07-25,116.0,116.0,110.33,111.43,17196319
DELL,2024-07-26,114.25,114.7199,111.5501,113.56,8131299
DELL,2024-07-29,114.36,115.5,110.95,111.2,7277730
DELL,2024-07-30,112.31,113.25,105.77,108.61,11921390
DELL,2024-07-31,114.76,116.6,112.2,113.68,11234102
DELL,2024-08-01,112.93,115.21,107.53,108.43,8504649
DELL,2024-08-02,101.7,103.8,99.93,102.29,11820936
DELL,2024-08-05,90.48,99.89,90.13,98.18,13130876
DELL,2024-08-06,98.66,99.27,93.34,94.67,15500550
DELL,2024-08-07,90.37,93.03,86.93,87.89,21498086
DELL,2024-08-08,89.77,91.7,88.45,91.46,10218912
DELL,2024-08-09,89.48,93.43,88.57,92.55,8360920
DELL,2024-08-12,92.2,97.9,91.835,95.27,9853678
DELL,2024-08-13,97.1,101.49,96.57,99.94,14905764
DELL,2024-08-14,101.06,104.37,100.31,102.95,12115975
DELL,2024-08-15,107.06,110.96,105.41,110.21,17607839
DELL,2024-08-16,108.9,112.16,108.06,111.3,11570866
DELL,2024-08-19,111.0,112.0625,108.38,111.87,8332037
DELL,2024-08-20,111.75,112.48,109.56,110.71,6152862
DELL,2024-08-21,110.85,111.9,108.86,111.7,6681138
DELL,2024-08-22,112.55,114.02,108.67,108.98,6990855
DELL,2024-08-23,110.35,112.66,110.0701,112.01,5984299
DELL,2024-08-26,112.01,114.15,110.35,111.67,7272608
DELL,2024-08-27,110.33,112.37,109.71,111.86,6253923
DELL,2024-08-28,110.3,112.07,108.21,111.56,9504973
DELL,2024-08-29,108.28,114.44,108.1,110.74,23773398
DELL,2024-08-30,115.36,117.72,110.65,115.54,33125273
DELL,2024-09-03,114.88,116.69,109.1204,110.77,13671928
DELL,2024-09-04,109.0,110.55,107.3101,109.06,8085141
DELL,2024-09-05,107.0,108.3,105.13,107.16,9330372
DELL,2024-09-06,106.52,108.21,101.41,102.0,11860994
DELL,2024-09-09,107.35,107.65,105.1,105.89,18686994
DELL,2024-09-10,106.15,107.53,105.42,106.64,9319453
DELL,2024-09-11,107.15,108.9,105.55,108.8,9601102
DELL,2024-09-12,108.7,113.23,108.6,112.15,9891409
DELL,2024-09-13,112.18,114.65,111.395,114.3,7318745
DELL,2024-09-16,112.38,115.8,112.225,115.4,8583768
DELL,2024-09-17,117.71,118.31,115.04,116.82,9374498
DELL,2024-09-18,117.58,119.62,115.94,115.99,10750105
DELL,2024-09-19,120.07,120.07,117.36,117.77,10605462
DELL,2024-09-20,116.5,119.05,115.08,117.5,62103138
DELL,2024-09-23,117.55,118.1,116.58,117.57,7261070
DELL,2024-09-24,118.17,118.44,116.0,117.31,6096547
DELL,2024-09-25,117.27,120.24,117.07,120.17,8474783
DELL,2024-09-26,122.375,127.0,121.39,126.49,13278658
DELL,2024-09-27,124.0,124.41,120.07,120.22,13482128
DELL,2024-09-30,119.0,119.9631,116.95,118.54,8558498
DELL,2024-10-01,117.39,117.78,112.91,113.16,9552425
DELL,2024-10-02,112.97,116.56,112.12,113.46,5941044
DELL,2024-10-03,114.02,116.75,113.62,115.67,6823966
DELL,2024-10-04,117.5,120.84,117.0601,120.42,8121256
DELL,2024-10-07,119.68,120.85,118.18,119.09,5142777
DELL,2024-10-08,119.4,121.94,118.7,121.93,5649211
DELL,2024-10-09,121.63,123.13,120.5,122.34,5953729
DELL,2024-10-10,121.46,124.86,121.2,124.8,5822862
DELL,2024-10-11,124.0,128.3,123.5013,127.73,7382847
DELL,2024-10-14,129.0,130.26,127.4,128.35,5907664
DELL,2024-10-15,128.84,131.13,125.66,125.83,5586706
DELL,2024-10-16,126.89,127.51,124.8,126.73,3774879
DELL,2024-10-17,129.1,131.6,128.0,129.18,5583864
DELL,2024-10-18,129.2,129.58,125.2,126.46,5446960
DELL,2024-10-21,126.5,126.98,125.17,125.66,4165667
DELL,2024-10-22,124.1,124.3,119.35,120.4,6551323
DELL,2024-10-23,118.97,121.56,117.82,119.49,4522414
DELL,2024-10-24,120.61,121.39,119.36,120.57,3564469
DELL,2024-10-25,121.9,124.79,121.75,122.55,3990463
DELL,2024-10-28,123.0,123.61,120.55,120.66,3536867
DELL,2024-10-29,120.68,122.54,120.1,121.63,3574040
DELL,2024-10-30,130.99,133.9699,125.44,129.4,16973914
DELL,2024-10-31,127.0,127.585,122.59,123.63,7202093
DELL,2024-11-01,124.625,132.62,124.3,130.87,12389721
DELL,2024-11-04,132.82,135.71,129.7,129.85,10574122
DELL,2024-11-05,131.0,134.28,129.75,133.46,6894124
DELL,2024-11-06,137.39,139.6,134.32,138.35,8742930
DELL,2024-11-07,138.945,139.4158,136.02,137.87,6151263
DELL,2024-11-08,138.22,139.15,134.08,134.23,6258337
DELL,2024-11-11,138.47,140.745,135.0,138.51,7168387
DELL,2024-11-12,138.75,141.33,135.94,136.47,5351554
DELL,2024-11-13,137.76,139.04,134.47,134.53,4477110
DELL,2024-11-14,135.88,136.91,133.3301,134.43,3463266
DELL,2024-11-15,133.29,133.87,130.75,131.64,4877382
DELL,2024-11-18,136.16,138.0,134.4689,136.01,6125505
DELL,2024-11-19,133.85,136.24,132.2352,135.9,5212328
DELL,2024-11-20,137.52,138.17,132.54,133.96,4760463
DELL,2024-11-21,136.14,140.1399,134.45,138.92,6565845
DELL,2024-11-22,142.5,144.5,140.5,144.21,7452438
DELL,2024-11-25,147.4,147.66,142.63,144.16,11421596
DELL,2024-11-26,144.0,144.4299,141.21,141.74,12746285
DELL,2024-11-27,124.92,127.16,121.3,124.38,37753108
DELL,2024-11-29,125.3,128.47,124.99,127.59,9445158
DELL,2024-12-02,126.19,129.65,123.28,125.84,12646570
DELL,2024-12-03,125.16,126.02,124.175,125.56,6917118
DELL,2024-12-04,125.25,127.33,123.92,126.1,6182471
DELL,2024-12-05,126.56,128.68,125.04,125.07,7917817
DELL,2024-12-06,125.62,126.3136,122.75,123.4,10347722
DELL,2024-12-09,122.84,124.2,121.1,123.81,8253720
DELL,2024-12-10,123.15,123.24,116.55,116.79,12575771
DELL,2024-12-11,117.8,119.18,115.6,118.69,7662301
DELL,2024-12-12,117.51,120.4,117.3366,119.18,5373585
DELL,2024-12-13,120.38,121.27,116.52,118.45,5889885
DELL,2024-12-16,118.86,122.09,118.45,119.27,6678723
DELL,2024-12-17,118.2,120.2,117.89,118.28,5108772
DELL,2024-12-18,119.53,119.99,111.9303,112.67,7228873
DELL,2024-12-19,114.23,115.51,111.28,111.96,8844423
DELL,2024-12-20,110.17,116.46,110.17,115.77,11117411
DELL,2024-12-23,116.52,119.139,116.2608,118.82,5136932
DELL,2024-12-24,119.0,119.42,118.18,118.94,2075947
DELL,2024-12-26,118.42,119.88,118.23,119.28,2707525
DELL,2024-12-27,118.37,118.89,116.51,117.33,4825532
DELL,2024-12-30,115.31,115.92,112.6207,114.82,5180455
DELL,2024-12-31,115.33,116.09,114.1579,115.24,3843833
DELL,2025-01-02,115.26,117.4583,113.53,116.53,4526007
DELL,2025-01-03,117.39,120.82,117.37,119.91,5515833
DELL,2025-01-06,121.81,125.01,121.21,124.66,8254601
DELL,2025-01-07,125.58,125.77,120.95,121.27,6037137
DELL,2025-01-08,119.98,120.61,117.75,119.31,5041611
DELL,2025-01-10,117.92,117.985,114.59,114.77,8087730
DELL,2025-01-13,110.01,110.56,106.69,110.17,11445828
DELL,2025-01-14,111.3,111.805,107.2028,109.06,8134660
DELL,2025-01-15,112.0,112.0,108.04,109.23,9023387
DELL,2025-01-16,109.0,111.36,108.415,110.11,6019382
DELL,2025-01-17,111.75,111.76,109.54,109.64,6283548
DELL,2025-01-21,110.425,112.38,107.91,111.55,8460642
DELL,2025-01-22,116.85,120.965,114.94,115.12,12454110
DELL,2025-01-23,112.7,114.7,111.96,114.22,5780834
DELL,2025-01-24,114.81,116.79,112.77,113.73,5430644
DELL,2025-01-27,106.61,107.73,100.0388,103.84,17892188
DELL,2025-01-28,104.13,104.13,100.5,101.29,14871967
DELL,2025-01-29,102.0,103.86,101.47,103.1,8238511
DELL,2025-01-30,103.31,105.96,103.3,105.35,7876666
DELL,2025-01-31,106.33,107.24,103.53,103.6,6020189
DELL,2025-02-03,99.38,101.01,98.365,100.09,11742544
DELL,2025-02-04,100.24,102.46,99.81,101.67,7073122
DELL,2025-02-05,102.58,105.7,101.19,104.45,7851264
DELL,2025-02-06,104.97,107.25,104.73,105.92,4986343
DELL,2025-02-07,107.52,109.35,105.9701,106.37,7921570
DELL,2025-02-10,107.35,112.81,107.35,112.31,8852267
DELL,2025-02-11,110.24,112.07,109.85,111.44,4310714
DELL,2025-02-12,110.05,114.0,110.0,112.92,5138992
DELL,2025-02-13,111.09,111.75,108.74,110.26,6702546
DELL,2025-02-14,111.04,117.16,109.71,114.38,16764274
DELL,2025-02-18,116.51,120.92,116.26,120.34,13338753
DELL,2025-02-19,118.81,122.26,118.25,120.96,6682797
DELL,2025-02-20,120.5,121.21,116.7729,119.89,5441987
DELL,2025-02-21,120.85,121.29,117.2904,117.6,5300208
DELL,2025-02-24,116.11,116.36,111.0301,114.14,6921060
DELL,2025-02-25,113.5,114.11,109.66,110.65,6395483
DELL,2025-02-26,111.8,117.28,111.8,115.65,8581723
DELL,2025-02-27,117.0,117.45,107.43,107.83,15604917
DELL,2025-02-28,100.96,103.9,99.0,102.76,20202324
DELL,2025-03-03,103.64,103.77,94.51,95.56,13008297
DELL,2025-03-04,93.0,96.8531,92.41,94.07,12654050
DELL,2025-03-05,94.65,97.88,93.21,97.25,5888626
DELL,2025-03-06,94.25,95.855,92.92,93.02,8473166
DELL,2025-03-07,91.715,92.66,88.3301,91.46,10010483
DELL,2025-03-10,89.0,91.77,88.69,90.34,8242329
DELL,2025-03-11,90.54,92.8699,90.08,91.57,5917034
DELL,2025-03-12,94.66,95.98,93.17,94.58,7830816
DELL,2025-03-13,93.95,94.86,91.55,92.45,4454598
DELL,2025-03-14,94.6,97.2987,94.4,95.67,5836582
DELL,2025-03-17,97.53,98.82,96.66,97.66,5042700
DELL,2025-03-18,96.92,97.2,94.77,96.44,5636498
DELL,2025-03-19,97.0,100.43,96.845,98.72,5279846
DELL,2025-03-20,97.96,101.42,97.9,98.92,4724253
DELL,2025-03-21,98.08,98.42,96.4019,97.57,8026612
DELL,2025-03-24,100.0,101.52,99.29,99.81,5664333
DELL,2025-03-25,100.31,101.3,98.5101,98.86,4747685
DELL,2025-03-26,98.74,100.5519,95.6,96.26,5757613
DELL,2025-03-27,95.02,98.37,93.6,97.1,7537769
DELL,2025-03-28,94.38,95.56,91.51,92.29,7225203
DELL,2025-03-31,89.27,91.21,88.4,91.15,7286218
DELL,2025-04-01,91.28,92.8,89.71,91.96,5716711
DELL,2025-04-02,89.97,95.72,89.83,95.33,6245790
DELL,2025-04-03,85.75,86.2099,76.721,77.23,30868525
DELL,2025-04-04,74.66,74.94,69.421,71.63,17449146
DELL,2025-04-07,68.0,77.3,66.245,75.0,15538442
DELL,2025-04-08,77.5,79.46,71.0,72.59,12924067
DELL,2025-04-09,72.56,85.47,71.12,84.19,18159954
DELL,2025-04-10,80.2,81.025,75.94,78.94,11279260
DELL,2025-04-11,78.6,82.92,77.96,81.93,8667626
DELL,2025-04-14,89.29,89.29,84.01,85.19,12355193
DELL,2025-04-15,84.62,86.8975,84.3205,85.49,5728840
DELL,2025-04-16,82.805,85.3,81.68,83.36,5842293
DELL,2025-04-17,83.875,85.42,82.9,84.8,6238336
DELL,2025-04-21,83.381,84.36,80.74,82.39,5595271
DELL,2025-04-22,82.9,85.39,82.46,84.08,4471564
DELL,2025-04-23,89.075,91.89,88.59,89.16,8413053
DELL,2025-04-24,89.88,94.675,89.44,94.4,6367166
DELL,2025-04-25,94.455,95.45,93.94,94.89,4466690
DELL,2025-04-28,94.57,95.64,93.11,94.47,3920233
DELL,2025-04-29,93.66,94.56,93.11,93.78,4474033
DELL,2025-04-30,86.82,92.09,86.76,91.76,9891218
DELL,2025-05-01,93.57,95.2,91.79,91.95,6333050
DELL,2025-05-02,94.23,95.84,93.84,94.59,5970475
DELL,2025-05-05,93.9,95.637,93.525,94.36,4937957
DELL,2025-05-06,92.66,94.73,92.53,93.95,5015423
DELL,2025-05-07,93.86,96.04,92.8807,95.79,5215633
DELL,2025-05-08,97.44,97.48,95.675,96.22,4575909
DELL,2025-05-09,97.45,97.94,95.64,95.91,4367390
DELL,2025-05-12,101.0,104.08,101.0,103.42,7927699
DELL,2025-05-13,103.89,108.5,103.89,107.85,7063523
DELL,2025-05-14,109.5,111.75,109.5,111.02,7639089
DELL,2025-05-15,108.95,111.505,108.5736,110.87,4488787
DELL,2025-05-16,111.5,114.6,111.09,114.19,5466640
DELL,2025-05-19,111.42,115.07,111.42,114.28,4594717
DELL,2025-05-20,113.96,115.5,113.1901,114.23,4150630
DELL,2025-05-21,113.54,116.13,111.56,111.93,5859850
DELL,2025-05-22,112.3999,112.98,110.66,111.95,4013723
DELL,2025-05-23,109.67,112.685,108.81,112.11,3916881
DELL,2025-05-27,114.48,115.0547,113.19,113.99,5512085
DELL,2025-05-28,114.15,115.29,113.31,113.77,4618411
DELL,2025-05-29,115.19,115.46,111.3,113.63,14682692
DELL,2025-05-30,112.48,116.97,109.2,111.27,19208004
DELL,2025-06-02,110.99,111.67,106.38,108.08,9027602
DELL,2025-06-03,108.5,112.44,108.01,111.9,6643941
DELL,2025-06-04,112.87,114.25,111.3028,112.7,4536209
DELL,2025-06-05,113.0,114.22,111.18,111.82,5454944
DELL,2025-06-06,112.83,115.24,112.83,113.75,4037456
DELL,2025-06-09,114.51,116.63,114.21,114.22,5123656
DELL,2025-06-10,114.8,115.05,111.7607,113.25,8661402
DELL,2025-06-11,114.4,114.45,110.91,111.24,5436451
DELL,2025-06-12,112.02,113.515,110.57,113.4,5597707
DELL,2025-06-13,111.35,111.75,109.17,109.56,5137534
DELL,2025-06-16,111.24,114.365,111.0,113.74,5292302
DELL,2025-06-17,112.79,117.71,112.68,115.93,5968230
DELL,2025-06-18,115.61,118.82,115.55,116.56,4671234
DELL,2025-06-20,118.32,119.75,117.6231,119.37,9568390
DELL,2025-06-23,118.85,119.38,115.96,118.02,5987393
DELL,2025-06-24,119.795,121.83,119.16,120.59,5034451
DELL,2025-06-25,120.81,122.3,120.25,120.46,3977595
DELL,2025-06-26,122.7,127.145,122.265,125.98,9434781
DELL,2025-06-27,123.78,125.06,122.52,123.99,7362045
DELL,2025-06-30,124.16,124.49,122.13,122.6,5427012
HPE,2023-01-03,16.09,16.14,15.83,16.06,18233897
HPE,2023-01-04,16.15,16.525,16.12,16.42,15865604
HPE,2023-01-05,16.29,16.495,16.185,16.45,13099552
HPE,2023-01-06,16.68,17.21,16.67,17.11,15242470
HPE,2023-01-09,17.1,17.25,16.89,16.96,19294712
HPE,2023-01-10,16.8,17.14,16.685,17.06,16777772
HPE,2023-01-11,16.99,17.05,16.78,16.91,16002828
HPE,2023-01-12,16.61,16.72,16.31,16.32,22445828
HPE,2023-01-13,16.17,16.465,16.12,16.45,12392123
HPE,2023-01-17,16.4,16.45,16.045,16.25,14189517
HPE,2023-01-18,16.25,16.35,16.07,16.08,13629434
HPE,2023-01-19,15.94,15.97,15.74,15.81,12533380
HPE,2023-01-20,15.84,15.96,15.64,15.95,12713683
HPE,2023-01-23,16.03,16.29,15.992,16.17,10009639
HPE,2023-01-24,16.03,16.265,15.93,16.17,9550901
HPE,2023-01-25,16.03,16.17,15.775,16.13,10570711
HPE,2023-01-26,16.25,16.29,15.99,16.22,11148760
HPE,2023-01-27,16.18,16.29,16.1,16.14,9423182
HPE,2023-01-30,15.99,16.18,15.9349,16.01,10476482
HPE,2023-01-31,16.01,16.15,15.9,16.13,24130434
HPE,2023-02-01,16.12,16.18,15.91,16.11,18695055
HPE,2023-02-02,16.2,16.5165,16.18,16.41,13329238
HPE,2023-02-03,16.25,16.54,16.24,16.33,9682039
HPE,2023-02-06,16.27,16.28,16.035,16.11,24139311
HPE,2023-02-07,16.12,16.3,15.99,16.23,17657538
HPE,2023-02-08,16.09,16.1,15.8935,16.01,18148928
HPE,2023-02-09,16.2,16.295,16.15,16.24,18403605
HPE,2023-02-10,16.25,16.485,16.1803,16.44,14023383
HPE,2023-02-13,16.41,16.7,16.39,16.66,9301934
HPE,2023-02-14,16.66,16.73,16.48,16.54,8792639
HPE,2023-02-15,16.44,16.6,16.39,16.57,7088381
HPE,2023-02-16,16.46,16.586,16.28,16.46,10146582
HPE,2023-02-17,16.4,16.45,16.295,16.36,7933206
HPE,2023-02-21,16.28,16.28,15.98,15.98,8755881
HPE,2023-02-22,15.975,16.04,15.65,15.75,8902676
HPE,2023-02-23,15.87,15.9,15.535,15.74,10233768
HPE,2023-02-24,15.52,15.67,15.455,15.6,9897067
HPE,2023-02-27,15.75,15.84,15.585,15.64,8100055
HPE,2023-02-28,15.62,15.74,15.575,15.61,15279897
HPE,2023-03-01,15.66,15.74,15.46,15.54,9208104
HPE,2023-03-02,15.44,15.53,15.3,15.5,11968600
HPE,2023-03-03,15.88,16.05,15.22,15.28,22208996
HPE,2023-03-06,15.29,15.42,15.09,15.15,17630298
HPE,2023-03-07,15.15,15.32,14.98,15.01,12305362
HPE,2023-03-08,15.1,15.1675,15.02,15.1,11283682
HPE,2023-03-09,15.14,15.14,14.665,14.71,10485622
HPE,2023-03-10,14.69,14.705,14.26,14.33,17290727
HPE,2023-03-13,14.12,14.225,13.915,14.01,15212593
HPE,2023-03-14,14.19,14.3,13.98,14.14,16631033
HPE,2023-03-15,13.86,14.03,13.75,13.91,16778621
HPE,2023-03-16,13.7,14.325,13.66,14.31,15241012
HPE,2023-03-17,14.23,14.32,14.08,14.1,22302444
HPE,2023-03-20,14.2,14.48,14.18,14.44,13576836
HPE,2023-03-21,14.64,14.77,14.615,14.75,10513878
HPE,2023-03-22,14.79,14.85,14.41,14.43,12263220
HPE,2023-03-23,14.49,14.57,14.18,14.27,11543268
HPE,2023-03-24,14.18,14.23,14.045,14.23,12699732
HPE,2023-03-27,14.4,15.06,14.38,15.01,17066402
HPE,2023-03-28,14.97,14.99,14.83,14.95,13520567
HPE,2023-03-29,15.13,15.62,15.13,15.52,16381462
HPE,2023-03-30,15.64,15.74,15.55,15.72,12212507
HPE,2023-03-31,15.8,15.96,15.77,15.93,15543502
HPE,2023-04-03,15.9,16.39,15.87,16.33,15773325
HPE,2023-04-04,16.35,16.4,15.96,16.11,13000293
HPE,2023-04-05,16.01,16.1,15.75,15.91,10982914
HPE,2023-04-06,15.9,15.95,15.8,15.86,6339030
HPE,2023-04-10,15.76,16.06,15.75,16.06,7662753
HPE,2023-04-11,16.07,16.16,16.05,16.05,7128082
HPE,2023-04-12,16.16,16.16,15.86,15.98,7727987
HPE,2023-04-13,15.92,16.09,15.8,16.03,9610971
HPE,2023-04-14,16.03,16.23,15.79,15.91,8442857
HPE,2023-04-17,15.92,16.03,15.76,15.85,10754168
HPE,2023-04-18,15.93,16.02,15.705,15.78,8220283
HPE,2023-04-19,15.41,15.59,14.85,14.96,14659242
HPE,2023-04-20,14.7,14.8,14.415,14.54,14176218
HPE,2023-04-21,14.55,14.55,14.175,14.46,11103824
HPE,2023-04-24,14.41,14.44,14.25,14.34,8262425
HPE,2023-04-25,14.22,14.25,14.09,14.14,9567085
HPE,2023-04-26,14.09,14.24,14.01,14.09,9596247
HPE,2023-04-27,14.1,14.26,13.96,14.26,9429190
HPE,2023-04-28,14.21,14.3491,14.2,14.32,8821629
HPE,2023-05-01,14.39,14.59,14.38,14.44,8476304
HPE,2023-05-02,14.48,14.57,14.095,14.25,9620425
HPE,2023-05-03,14.31,14.38,13.95,13.95,12608383
HPE,2023-05-04,13.88,13.9,13.655,13.8,8244499
HPE,2023-05-05,13.97,14.17,13.93,14.11,7425985
HPE,2023-05-08,14.14,14.2,14.065,14.19,7283172
HPE,2023-05-09,14.07,14.18,14.01,14.16,6304621
HPE,2023-05-10,14.21,14.33,13.92,14.09,8438131
HPE,2023-05-11,14.03,14.03,13.7,13.78,16141910
HPE,2023-05-12,13.85,13.91,13.71,13.83,14413311
HPE,2023-05-15,13.89,14.31,13.81,14.29,11484467
HPE,2023-05-16,14.25,14.305,13.96,14.04,15408984
HPE,2023-05-17,14.15,14.43,14.0845,14.31,10489440
HPE,2023-05-18,14.26,14.46,14.195,14.41,17834463
HPE,2023-05-19,14.5,14.5,14.315,14.33,17190419
HPE,2023-05-22,14.37,14.51,14.29,14.45,11604547
HPE,2023-05-23,14.45,14.71,14.38,14.38,15995168
HPE,2023-05-24,14.32,14.32,14.025,14.16,10807782
HPE,2023-05-25,14.26,14.725,14.25,14.67,11132940
HPE,2023-05-26,14.9,15.455,14.735,15.34,22103060
HPE,2023-05-30,15.57,15.735,15.5,15.52,20688648
HPE,2023-05-31,13.86,14.64,13.79,14.42,34083577
HPE,2023-06-01,14.5,14.98,14.43,14.67,26669401
HPE,2023-06-02,14.77,15.31,14.58,15.24,20040279
HPE,2023-06-05,15.23,15.3,14.99,15.02,17691077
HPE,2023-06-06,14.96,15.41,14.95,15.34,12038798
HPE,2023-06-07,15.45,15.8,15.39,15.76,14615526
HPE,2023-06-08,15.76,15.84,15.61,15.8,12074095
HPE,2023-06-09,15.87,16.0,15.78,15.79,7748767
HPE,2023-06-12,15.78,16.28,15.78,16.28,14149770
HPE,2023-06-13,16.31,16.7,16.3,16.64,17875127
HPE,2023-06-14,16.5,16.995,16.5,16.81,15014490
HPE,2023-06-15,16.75,17.495,16.74,17.45,24260739
HPE,2023-06-16,17.49,17.74,17.28,17.57,24486828
HPE,2023-06-20,17.44,17.47,16.905,17.01,19374464
HPE,2023-06-21,17.08,17.415,16.79,16.82,12830133
HPE,2023-06-22,16.86,16.985,16.61,16.78,14554672
HPE,2023-06-23,16.6,16.67,16.49,16.52,13221098
HPE,2023-06-26,16.61,16.72,16.38,16.39,10100733
HPE,2023-06-27,16.4,16.56,16.325,16.43,10439466
HPE,2023-06-28,16.38,16.45,16.24,16.36,7318363
HPE,2023-06-29,16.4,16.73,16.395,16.65,8780022
HPE,2023-06-30,16.71,16.89,16.71,16.8,9763619
HPE,2023-07-03,16.73,16.78,16.62,16.71,4107174
HPE,2023-07-05,16.54,16.78,16.42,16.67,7634812
HPE,2023-07-06,16.47,16.68,16.42,16.66,8331014
HPE,2023-07-07,16.71,17.09,16.67,16.87,12653086
HPE,2023-07-10,16.77,17.08,16.76,16.99,10130163
HPE,2023-07-11,17.0,17.34,17.0,17.33,9630080
HPE,2023-07-12,17.5,17.52,17.05,17.08,9331967
HPE,2023-07-13,17.16,17.38,17.15,17.32,8494022
HPE,2023-07-14,17.22,17.27,16.79,16.87,8694630
HPE,2023-07-17,16.77,17.17,16.715,17.05,9156581
HPE,2023-07-18,17.0,17.51,16.96,17.46,13473987
HPE,2023-07-19,17.51,17.64,17.21,17.27,13068669
HPE,2023-07-20,17.3,17.37,17.05,17.2,11782287
HPE,2023-07-21,17.28,17.37,17.165,17.26,12403948
HPE,2023-07-24,17.48,17.65,17.23,17.35,11108226
HPE,2023-07-25,17.41,17.69,17.31,17.59,11177540
HPE,2023-07-26,17.56,17.715,17.421,17.45,11314841
HPE,2023-07-27,17.66,17.74,17.31,17.36,8697639
HPE,2023-07-28,17.56,17.63,17.26,17.26,9010947
HPE,2023-07-31,17.23,17.43,17.22,17.38,7359540
HPE,2023-08-01,17.41,17.47,17.22,17.41,10137971
HPE,2023-08-02,17.22,17.52,17.17,17.24,10628888
HPE,2023-08-03,17.1,17.42,16.9213,17.32,9536262
HPE,2023-08-04,17.3,17.6,17.17,17.37,11892554
HPE,2023-08-07,17.48,17.655,17.355,17.55,10511590
HPE,2023-08-08,17.39,18.135,17.195,18.07,22140604
HPE,2023-08-09,18.03,18.08,17.47,17.68,16237898
HPE,2023-08-10,17.79,17.8987,17.54,17.62,17531517
HPE,2023-08-11,17.54,17.66,17.48,17.6,11611268
HPE,2023-08-14,17.5,17.64,17.36,17.6,10801932
HPE,2023-08-15,17.47,17.625,17.3,17.3,7659603
HPE,2023-08-16,17.22,17.31,17.015,17.04,9419060
HPE,2023-08-17,17.16,17.24,16.88,16.97,12958693
HPE,2023-08-18,16.76,17.13,16.75,17.0,8832857
HPE,2023-08-21,17.01,17.12,16.88,17.04,8775978
HPE,2023-08-22,17.07,17.115,16.77,16.79,10569442
HPE,2023-08-23,16.81,17.07,16.77,17.02,8446179
HPE,2023-08-24,17.08,17.145,16.69,16.7,11635723
HPE,2023-08-25,16.74,16.8,16.45,16.62,9311979
HPE,2023-08-28,16.75,16.92,16.655,16.79,11524806
HPE,2023-08-29,16.82,16.955,16.67,16.84,10459142
HPE,2023-08-30,16.38,17.44,16.2,17.36,13990557
HPE,2023-08-31,17.45,17.5,16.85,16.99,17274394
HPE,2023-09-01,17.21,18.02,17.19,17.98,19826113
HPE,2023-09-05,17.94,18.095,17.8,17.81,10505017
HPE,2023-09-06,17.64,17.915,17.55,17.75,10493799
HPE,2023-09-07,17.51,17.57,17.275,17.29,13845464
HPE,2023-09-08,17.3,17.41,17.29,17.34,6767267
HPE,2023-09-11,17.43,17.54,17.145,17.23,10386963
HPE,2023-09-12,17.03,17.18,16.95,17.08,10847905
HPE,2023-09-13,17.02,17.09,16.76,16.77,9633590
HPE,2023-09-14,16.99,17.23,16.92,17.21,8724507
HPE,2023-09-15,17.12,17.28,16.87,17.07,18972694
HPE,2023-09-18,16.98,17.04,16.785,17.0,8844003
HPE,2023-09-19,17.05,17.1675,17.0,17.07,7622104
HPE,2023-09-20,17.32,17.4,17.07,17.1,8009430
HPE,2023-09-21,16.96,17.07,16.88,16.98,8321882
HPE,2023-09-22,16.98,17.1,16.8525,17.02,5133584
HPE,2023-09-25,16.89,17.11,16.87,16.97,8973597
HPE,2023-09-26,16.81,16.93,16.725,16.78,9485620
HPE,2023-09-27,16.95,17.32,16.815,17.07,12236838
HPE,2023-09-28,17.12,17.75,17.12,17.63,13325357
HPE,2023-09-29,17.66,17.73,17.26,17.37,10205960
HPE,2023-10-02,17.4,17.59,17.345,17.44,8931964
HPE,2023-10-03,17.21,17.37,16.75,16.93,7283351
HPE,2023-10-04,16.97,17.03,16.78,17.01,4885165
HPE,2023-10-05,16.91,17.04,16.62,16.79,6220301
HPE,2023-10-06,16.74,16.97,16.58,16.83,9281578
HPE,2023-10-09,16.73,16.975,16.5925,16.85,7809947
HPE,2023-10-10,16.91,17.185,16.88,16.93,9087058
HPE,2023-10-11,16.98,17.29,16.97,17.16,6984948
HPE,2023-10-12,17.17,17.2,16.775,16.95,10252308
HPE,2023-10-13,16.96,17.0499,16.47,16.48,8562567
HPE,2023-10-16,16.63,17.18,16.59,17.11,13079562
HPE,2023-10-17,16.96,17.125,16.85,16.98,7374701
HPE,2023-10-18,16.85,16.96,16.62,16.68,7528111
HPE,2023-10-19,16.73,16.775,16.24,16.3,11470972
HPE,2023-10-20,15.94,16.11,14.915,15.23,24589432
HPE,2023-10-23,15.18,15.36,15.1,15.2,13468356
HPE,2023-10-24,15.29,15.405,15.18,15.29,8708546
HPE,2023-10-25,15.28,15.32,15.095,15.14,8291335
HPE,2023-10-26,15.11,15.285,14.96,15.13,10747285
HPE,2023-10-27,15.2,15.44,15.13,15.21,9000362
HPE,2023-10-30,15.36,15.41,15.16,15.3,8330378
HPE,2023-10-31,15.29,15.39,15.19,15.38,7910863
HPE,2023-11-01,15.4,15.53,15.345,15.53,7754631
HPE,2023-11-02,15.71,15.75,15.48,15.59,9592262
HPE,2023-11-03,15.81,16.0,15.79,15.93,6825608
HPE,2023-11-06,15.92,16.0,15.765,15.91,6377702
HPE,2023-11-07,15.8,15.93,15.71,15.75,6177092
HPE,2023-11-08,15.75,15.83,15.6,15.74,7087578
HPE,2023-11-09,15.76,15.85,15.59,15.62,6963314
HPE,2023-11-10,15.71,15.99,15.605,15.96,5800126
HPE,2023-11-13,15.83,16.03,15.755,16.0,11143945
HPE,2023-11-14,16.24,16.495,16.1304,16.42,9884836
HPE,2023-11-15,16.48,16.68,16.42,16.45,8330621
HPE,2023-11-16,16.26,16.31,15.63,15.74,11587460
HPE,2023-11-17,15.87,15.99,15.81,15.93,8801041
HPE,2023-11-20,15.88,15.96,15.785,15.83,7487012
HPE,2023-11-21,15.79,15.82,15.555,15.62,8598070
HPE,2023-11-22,15.75,15.88,15.68,15.78,11394934
HPE,2023-11-24,15.85,15.915,15.745,15.83,3788786
HPE,2023-11-27,15.73,15.78,15.57,15.6,11202051
HPE,2023-11-28,15.57,15.62,15.45,15.52,14386249
HPE,2023-11-29,16.23,16.9,15.79,16.52,21648338
HPE,2023-11-30,16.84,17.05,16.71,16.91,24721682
HPE,2023-12-01,16.79,17.14,16.65,16.89,14836975
HPE,2023-12-04,16.75,16.87,16.5,16.54,14150145
HPE,2023-12-05,16.43,16.43,16.04,16.08,15550103
HPE,2023-12-06,16.12,16.21,15.81,15.88,13108718
HPE,2023-12-07,15.91,16.13,15.7,16.12,19474013
HPE,2023-12-08,16.11,16.4,16.09,16.22,11901285
HPE,2023-12-11,16.22,16.71,16.22,16.66,13978452
HPE,2023-12-12,16.05,16.485,16.05,16.37,16224600
HPE,2023-12-13,16.37,16.65,16.275,16.58,10730649
HPE,2023-12-14,16.7,17.18,16.7,17.06,20993605
HPE,2023-12-15,16.88,16.94,16.61,16.72,21855031
HPE,2023-12-18,16.78,16.83,16.555,16.79,12793932
HPE,2023-12-19,16.88,16.92,16.76,16.83,8317599
HPE,2023-12-20,16.87,17.045,16.74,16.74,7572415
HPE,2023-12-21,16.9,17.01,16.715,17.0,7160760
HPE,2023-12-22,17.05,17.2,16.98,17.09,6112606
HPE,2023-12-26,17.08,17.29,17.05,17.23,4857094
HPE,2023-12-27,17.27,17.28,17.01,17.09,5911733
HPE,2023-12-28,17.1,17.185,17.065,17.17,4684915
HPE,2023-12-29,17.15,17.19,16.9,16.98,6026869
HPE,2024-01-02,16.87,17.01,16.72,16.93,8438212
HPE,2024-01-03,16.8,17.2,16.74,17.04,10331288
HPE,2024-01-04,17.04,17.245,16.97,17.0,13254990
HPE,2024-01-05,16.95,17.39,16.93,17.17,13780143
HPE,2024-01-08,17.2,17.8,17.17,17.72,11781992
HPE,2024-01-09,16.6,16.875,16.11,16.14,35499386
HPE,2024-01-10,16.11,16.47,16.01,16.43,23542037
HPE,2024-01-11,16.39,16.495,16.225,16.37,13319429
HPE,2024-01-12,16.42,16.47,15.84,15.89,13200734
HPE,2024-01-16,15.55,15.615,15.16,15.31,19468277
HPE,2024-01-17,15.15,15.1978,14.91,15.04,13466782
HPE,2024-01-18,15.06,15.115,14.7,14.96,15106159
HPE,2024-01-19,15.03,15.425,14.925,15.37,13251814
HPE,2024-01-22,15.48,15.62,15.4,15.5,9414415
HPE,2024-01-23,15.63,15.7,15.46,15.5,8726735
HPE,2024-01-24,15.63,15.99,15.57,15.76,11362438
HPE,2024-01-25,15.91,16.04,15.82,15.92,11244816
HPE,2024-01-26,15.9,15.945,15.71,15.84,6099498
HPE,2024-01-29,15.74,15.83,15.635,15.8,7291401
HPE,2024-01-30,15.97,15.99,15.75,15.89,6540613
HPE,2024-01-31,15.66,15.67,15.09,15.29,15595353
HPE,2024-02-01,15.34,15.38,15.13,15.36,7500871
HPE,2024-02-02,15.33,15.53,15.14,15.41,7301443
HPE,2024-02-05,15.3,15.37,15.215,15.28,8563349
HPE,2024-02-06,15.27,15.495,15.26,15.28,9909093
HPE,2024-02-07,15.33,15.37,15.08,15.26,11377756
HPE,2024-02-08,15.26,15.52,15.21,15.5,8059718
HPE,2024-02-09,15.45,15.55,15.37,15.48,6572344
HPE,2024-02-12,15.48,15.75,15.46,15.61,6361472
HPE,2024-02-13,15.26,15.32,15.09,15.23,7133332
HPE,2024-02-14,15.38,15.455,15.12,15.23,10443684
HPE,2024-02-15,15.22,15.285,15.065,15.26,9556167
HPE,2024-02-16,15.19,15.25,14.91,14.93,10076674
HPE,2024-02-20,14.85,15.09,14.8,15.01,9652688
HPE,2024-02-21,14.9,14.99,14.755,14.91,8118702
HPE,2024-02-22,15.04,15.18,14.93,15.07,10462427
HPE,2024-02-23,15.11,15.23,15.04,15.11,8561033
HPE,2024-02-26,15.09,15.135,14.87,14.93,14869487
HPE,2024-02-27,15.01,15.08,14.83,14.89,9432125
HPE,2024-02-28,14.84,15.06,14.78,14.86,9910174
HPE,2024-02-29,15.0,15.26,15.0,15.23,27341822
HPE,2024-03-01,14.53,15.7,14.465,15.56,34153731
HPE,2024-03-04,15.81,17.305,15.76,17.15,41177721
HPE,2024-03-05,17.0104,18.19,17.0104,18.1,44150241
HPE,2024-03-06,18.35,20.07,18.34,18.77,51250908
HPE,2024-03-07,18.79,18.83,17.72,18.18,29773675
HPE,2024-03-08,18.63,18.69,17.955,17.99,21698029
HPE,2024-03-11,17.715,18.27,17.63,18.04,19422810
HPE,2024-03-12,18.52,19.15,18.04,18.05,33677065
HPE,2024-03-13,18.02,18.06,17.61,17.9,17482360
HPE,2024-03-14,17.7,17.7,17.38,17.53,15774909
HPE,2024-03-15,17.3,17.42,16.7,16.73,41144429
HPE,2024-03-18,16.94,17.19,16.79,17.06,22136296
HPE,2024-03-19,16.95,17.02,16.72,16.78,12177996
HPE,2024-03-20,16.67,16.935,16.5,16.93,17508407
HPE,2024-03-21,17.17,17.41,17.05,17.21,12914779
HPE,2024-03-22,17.21,17.61,17.21,17.37,9279486
HPE,2024-03-25,17.25,17.63,17.21,17.42,16167249
HPE,2024-03-26,17.51,17.84,17.45,17.69,14285237
HPE,2024-03-27,17.77,17.8,17.41,17.67,9727136
HPE,2024-03-28,17.74,17.855,17.69,17.73,9155510
HPE,2024-04-01,17.68,18.015,17.62,17.94,9680864
HPE,2024-04-02,17.75,17.82,17.55,17.7,9361543
HPE,2024-04-03,17.67,18.39,17.65,18.19,26942512
HPE,2024-04-04,18.5,18.76,17.88,17.94,17602731
HPE,2024-04-05,17.89,18.12,17.72,18.0,13148860
HPE,2024-04-08,18.21,18.4229,18.11,18.14,10709946
HPE,2024-04-09,18.21,18.245,17.88,18.02,10642310
HPE,2024-04-10,17.8,18.07,17.72,18.0,16226385
HPE,2024-04-11,17.98,18.06,17.635,17.94,11099634
HPE,2024-04-12,17.73,17.91,17.39,17.42,14035134
HPE,2024-04-15,17.7,17.805,17.202,17.26,17084676
HPE,2024-04-16,17.33,17.38,16.91,17.14,11100957
HPE,2024-04-17,17.25,17.4925,17.01,17.03,10885888
HPE,2024-04-18,17.09,17.12,16.845,17.04,11994917
HPE,2024-04-19,17.02,17.23,16.69,16.79,12405353
HPE,2024-04-22,16.94,16.98,16.65,16.83,8382873
HPE,2024-04-23,16.76,16.96,16.73,16.83,8988470
HPE,2024-04-24,16.93,17.045,16.785,16.93,10615479
HPE,2024-04-25,16.82,17.055,16.78,16.97,8109277
HPE,2024-04-26,17.0,17.28,16.875,17.17,9053393
HPE,2024-04-29,17.21,17.43,17.03,17.18,7772459
HPE,2024-04-30,17.03,17.4,16.98,17.0,9726052
HPE,2024-05-01,16.86,17.02,16.39,16.44,9194134
HPE,2024-05-02,16.61,16.65,16.26,16.53,10348807
HPE,2024-05-03,16.74,16.87,16.61,16.86,7815060
HPE,2024-05-06,17.02,17.2,16.95,17.16,8579813
HPE,2024-05-07,17.2,17.23,16.8,16.86,8042861
HPE,2024-05-08,16.77,17.19,16.71,17.18,8018094
HPE,2024-05-09,17.23,17.27,16.895,17.06,8501726
HPE,2024-05-10,17.1,17.29,16.99,17.06,6329741
HPE,2024-05-13,17.13,17.46,17.13,17.38,11398350
HPE,2024-05-14,17.47,17.66,17.42,17.65,11441143
HPE,2024-05-15,17.75,18.0,17.66,17.97,10213767
HPE,2024-05-16,17.98,18.08,17.75,17.89,9963392
HPE,2024-05-17,18.01,18.025,17.73,17.86,9153745
HPE,2024-05-20,17.9,18.04,17.72,17.8,10071133
HPE,2024-05-21,17.76,17.83,17.59,17.78,9074252
HPE,2024-05-22,17.8,18.18,17.74,18.15,10088365
HPE,2024-05-23,18.85,18.95,18.15,18.24,15410631
HPE,2024-05-24,18.33,18.6,18.3,18.41,13123410
HPE,2024-05-28,18.49,18.78,18.22,18.41,17741085
HPE,2024-05-29,18.24,18.4,18.17,18.18,14016907
HPE,2024-05-30,18.51,18.6791,18.29,18.52,31411023
HPE,2024-05-31,17.91,17.97,17.31,17.65,31213357
HPE,2024-06-03,17.91,18.08,17.65,17.95,22341774
HPE,2024-06-04,17.85,17.9599,17.59,17.6,30583216
HPE,2024-06-05,20.35,20.43,19.44,19.48,86843946
HPE,2024-06-06,19.37,20.04,19.085,19.59,30516493
HPE,2024-06-07,19.72,20.04,19.71,20.03,21541608
HPE,2024-06-10,20.0,20.64,19.95,20.59,23352886
HPE,2024-06-11,20.5,20.68,20.19,20.56,14934631
HPE,2024-06-12,20.87,21.165,20.65,20.91,20016213
HPE,2024-06-13,20.86,21.9,20.79,21.76,22726506
HPE,2024-06-14,21.62,21.82,21.26,21.6,18340154
HPE,2024-06-17,21.855,21.96,21.195,21.66,20121470
HPE,2024-06-18,21.89,22.82,21.555,21.84,43912094
HPE,2024-06-20,22.66,22.74,21.405,21.48,25333790
HPE,2024-06-21,21.25,21.38,20.43,20.92,58674861
HPE,2024-06-24,20.83,21.03,20.455,20.47,18594826
HPE,2024-06-25,20.51,21.14,20.3302,21.12,15103217
HPE,2024-06-26,20.78,21.01,20.7205,20.92,16809412
HPE,2024-06-27,20.92,21.31,20.89,21.04,12778159
HPE,2024-06-28,21.04,21.275,20.895,21.17,17009041
HPE,2024-07-01,21.32,21.32,20.6,21.16,12509993
HPE,2024-07-02,20.86,21.165,20.81,21.12,11304645
HPE,2024-07-03,21.1,21.1,20.52,20.67,11364164
HPE,2024-07-05,20.68,20.685,20.29,20.55,15168823
HPE,2024-07-08,20.745,20.98,20.69,20.89,10374151
HPE,2024-07-09,20.81,21.615,20.8,21.25,15610086
HPE,2024-07-10,21.39,21.49,21.1,21.35,10217607
HPE,2024-07-11,21.36,21.41,20.97,21.2,9261907
HPE,2024-07-12,21.19,21.41,20.98,21.17,9077598
HPE,2024-07-15,21.26,21.48,21.15,21.44,8379983
HPE,2024-07-16,21.48,21.53,21.23,21.43,7622107
HPE,2024-07-17,21.18,21.29,20.73,20.81,12319029
HPE,2024-07-18,21.02,21.21,20.625,20.67,10592763
HPE,2024-07-19,20.66,20.715,20.44,20.48,9966065
HPE,2024-07-22,20.62,20.79,20.48,20.59,8358160
HPE,2024-07-23,20.5,20.675,20.41,20.54,6223306
HPE,2024-07-24,20.41,20.67,20.03,20.05,9339847
HPE,2024-07-25,19.92,19.99,19.41,19.45,11349059
HPE,2024-07-26,19.58,19.91,19.535,19.76,7878420
HPE,2024-07-29,19.85,19.925,19.39,19.41,7634830
HPE,2024-07-30,19.56,19.69,18.99,19.01,11088580
HPE,2024-07-31,19.8,20.095,19.64,19.91,11882846
HPE,2024-08-01,19.75,19.98,18.83,19.08,8997033
HPE,2024-08-02,18.55,18.69,17.95,18.03,12456136
HPE,2024-08-05,17.26,17.57,17.0,17.35,12059568
HPE,2024-08-06,17.4,17.56,17.23,17.25,12537364
HPE,2024-08-07,17.25,17.27,16.61,16.72,18271112
HPE,2024-08-08,16.913,17.33,16.913,17.31,9771318
HPE,2024-08-09,17.2,17.435,17.11,17.34,7217098
HPE,2024-08-12,17.39,17.4194,17.06,17.19,13504047
HPE,2024-08-13,17.36,17.88,17.32,17.8,16096531
HPE,2024-08-14,17.83,17.85,17.54,17.78,10109289
HPE,2024-08-15,18.3,18.805,18.11,18.76,13036759
HPE,2024-08-16,18.69,18.83,18.56,18.67,7690074
HPE,2024-08-19,18.67,18.9,18.5,18.88,7563424
HPE,2024-08-20,18.82,18.84,18.47,18.77,8375757
HPE,2024-08-21,18.81,18.9,18.5,18.88,7657695
HPE,2024-08-22,18.91,19.05,18.735,18.77,7110132
HPE,2024-08-23,19.07,19.3199,18.88,19.21,7758793
HPE,2024-08-26,19.23,19.48,19.09,19.18,7265853
HPE,2024-08-27,19.06,19.34,19.03,19.1,7290767
HPE,2024-08-28,19.0,19.175,18.8,19.0,8523776
HPE,2024-08-29,18.96,19.04,18.66,18.68,9164258
HPE,2024-08-30,19.15,19.57,19.11,19.37,17317414
HPE,2024-09-03,19.28,19.44,18.96,19.06,15041663
HPE,2024-09-04,18.93,19.0211,18.56,18.77,21589891
HPE,2024-09-05,17.15,18.0,16.855,17.64,29087750
HPE,2024-09-06,17.575,17.8,17.3,17.53,16182460
HPE,2024-09-09,17.6,17.85,17.53,17.6,13369867
HPE,2024-09-10,16.39,16.53,15.95,16.1,69000219
HPE,2024-09-11,16.1,16.46,15.77,16.4,70066025
HPE,2024-09-12,16.36,16.935,16.2,16.86,39311362
HPE,2024-09-13,16.92,17.2,16.84,17.15,19711443
HPE,2024-09-16,16.84,17.31,16.81,17.23,14829717
HPE,2024-09-17,17.97,18.4,17.71,18.2,27809215
HPE,2024-09-18,18.27,18.57,18.034,18.3,16133165
HPE,2024-09-19,18.67,18.94,18.645,18.85,16959846
HPE,2024-09-20,18.79,18.89,18.505,18.81,27175655
HPE,2024-09-23,18.82,18.865,18.625,18.83,10612457
HPE,2024-09-24,18.95,18.96,18.792,18.88,9916028
HPE,2024-09-25,19.69,20.085,19.58,19.85,24225382
HPE,2024-09-26,20.23,20.49,19.98,20.35,16710623
HPE,2024-09-27,20.45,20.48,20.13,20.14,10214805
HPE,2024-09-30,20.09,20.51,19.94,20.46,16627814
HPE,2024-10-01,20.33,20.38,19.82,19.95,14187214
HPE,2024-10-02,20.0,20.66,19.95,20.5,12591583
HPE,2024-10-03,20.39,20.83,20.2301,20.35,10694335
HPE,2024-10-04,20.69,20.75,20.2832,20.62,8442016
HPE,2024-10-07,20.51,20.925,20.5,20.86,9638443
HPE,2024-10-08,20.96,21.05,20.76,20.97,11443377
HPE,2024-10-09,20.82,20.896,20.5025,20.85,10160497
HPE,2024-10-10,20.7,20.94,20.39,20.54,16805641
HPE,2024-10-11,20.53,20.8199,20.5,20.67,8339056
HPE,2024-10-14,20.65,20.93,20.63,20.72,8084471
HPE,2024-10-15,20.81,21.09,20.66,20.74,14223731
HPE,2024-10-16,20.8,20.97,20.69,20.89,13386340
HPE,2024-10-17,20.82,21.0,20.675,20.94,9625006
HPE,2024-10-18,21.03,21.06,20.39,20.69,10366955
HPE,2024-10-21,20.68,20.68,19.89,19.97,12709476
HPE,2024-10-22,19.85,19.96,19.57,19.89,10987526
HPE,2024-10-23,19.83,19.85,19.245,19.31,9609914
HPE,2024-10-24,19.42,19.47,19.235,19.4,9338608
HPE,2024-10-25,19.58,19.86,19.44,19.46,7707682
HPE,2024-10-28,19.595,19.88,19.48,19.73,8068748
HPE,2024-10-29,19.73,19.975,19.69,19.87,8044444
HPE,2024-10-30,20.95,21.05,20.23,20.34,15440833
HPE,2024-10-31,20.19,20.24,19.49,19.49,11620194
HPE,2024-11-01,19.555,20.245,19.51,20.06,12298972
HPE,2024-11-04,20.15,20.39,20.01,20.01,7880225
HPE,2024-11-05,20.02,20.275,19.86,20.0,9306043
HPE,2024-11-06,20.73,21.39,20.68,21.33,15097940
HPE,2024-11-07,21.36,21.665,21.17,21.44,11737793
HPE,2024-11-08,21.47,22.2,21.38,22.04,13970677
HPE,2024-11-11,22.12,22.4,21.89,22.02,10294677
HPE,2024-11-12,21.83,22.11,21.7,21.73,8012782
HPE,2024-11-13,21.76,22.15,21.61,21.85,10133113
HPE,2024-11-14,21.71,22.04,21.34,21.34,8233510
HPE,2024-11-15,21.39,21.49,20.98,21.07,10737320
HPE,2024-11-18,21.81,21.86,21.29,21.38,10933646
HPE,2024-11-19,21.22,21.565,20.86,21.53,8777305
HPE,2024-11-20,21.56,21.56,21.075,21.18,9978529
HPE,2024-11-21,21.32,21.96,21.3,21.74,12834881
HPE,2024-11-22,21.81,22.22,21.72,22.1,8488190
HPE,2024-11-25,22.4,22.62,22.07,22.21,19587375
HPE,2024-11-26,22.17,22.25,21.935,22.13,8053483
HPE,2024-11-27,21.12,21.45,20.635,20.8,15238676
HPE,2024-11-29,20.83,21.42,20.81,21.22,6713197
HPE,2024-12-02,21.2,21.6,20.99,21.25,10532565
HPE,2024-12-03,21.06,21.32,20.96,21.3,9124390
HPE,2024-12-04,21.5,22.08,21.37,21.76,11460122
HPE,2024-12-05,22.6,22.74,21.57,21.65,25467671
HPE,2024-12-06,22.6797,24.24,22.46,23.95,37617890
HPE,2024-12-09,23.85,23.92,23.06,23.11,20272491
HPE,2024-12-10,22.63,22.9,21.77,21.92,20470846
HPE,2024-12-11,21.83,22.0,21.205,21.91,15608394
HPE,2024-12-12,21.824,22.17,21.76,21.83,11995800
HPE,2024-12-13,21.728,22.07,21.68,21.83,10172571
HPE,2024-12-16,21.833,22.04,21.25,21.85,21794624
HPE,2024-12-17,21.36,21.91,21.36,21.54,12901371
HPE,2024-12-18,21.67,21.8,20.55,20.59,12951997
HPE,2024-12-19,21.09,21.2,20.76,20.89,18065051
HPE,2024-12-20,20.61,21.64,20.6,21.61,38330755
HPE,2024-12-23,21.6,21.86,21.39,21.82,11076578
HPE,2024-12-24,21.86,21.92,21.749,21.89,5541354
HPE,2024-12-26,21.79,22.05,21.775,22.03,4719718
HPE,2024-12-27,21.825,21.915,21.52,21.65,6338942
HPE,2024-12-30,21.315,21.61,21.125,21.4,7122188
HPE,2024-12-31,21.47,21.595,21.185,21.35,7193492
HPE,2025-01-02,21.44,21.57,21.15,21.47,11288498
HPE,2025-01-03,21.57,21.85,21.44,21.82,8458027
HPE,2025-01-06,22.22,23.06,22.17,22.85,20481112
HPE,2025-01-07,23.05,23.05,22.255,22.28,11937086
HPE,2025-01-08,22.2,22.245,21.6,22.03,13316682
HPE,2025-01-10,21.83,22.98,21.485,22.08,25700125
HPE,2025-01-13,21.54,22.0,21.1649,21.98,14674024
HPE,2025-01-14,22.16,22.9,22.03,22.54,16621824
HPE,2025-01-15,23.155,23.34,22.95,23.3,17563116
HPE,2025-01-16,23.36,23.51,23.215,23.41,10891035
HPE,2025-01-17,23.7,23.7,23.09,23.14,19263636
HPE,2025-01-21,23.2916,23.75,23.11,23.7,11213998
HPE,2025-01-22,24.09,24.66,23.84,24.42,13785197
HPE,2025-01-23,24.27,24.415,24.06,24.36,8959125
HPE,2025-01-24,24.52,24.535,24.16,24.37,9255470
HPE,2025-01-27,23.26,23.47,22.38,22.95,17119162
HPE,2025-01-28,23.04,23.04,20.98,21.46,27920065
HPE,2025-01-29,21.84,22.2,21.625,21.66,14731092
HPE,2025-01-30,22.05,22.09,20.34,21.19,26793713
HPE,2025-01-31,21.21,21.57,20.9803,21.19,16526494
HPE,2025-02-03,20.615,20.9292,20.41,20.46,16443843
HPE,2025-02-04,20.58,20.84,20.39,20.83,14805965
HPE,2025-02-05,20.81,21.48,20.78,21.36,9697627
HPE,2025-02-06,21.56,21.7,21.24,21.36,8465278
HPE,2025-02-07,21.56,21.7,21.14,21.27,10131573
HPE,2025-02-10,21.39,21.47,21.075,21.43,9969190
HPE,2025-02-11,21.23,21.425,21.12,21.18,11071157
HPE,2025-02-12,20.99,21.275,20.86,21.09,7849471
HPE,2025-02-13,21.25,21.44,20.9901,21.28,9311362
HPE,2025-02-14,21.29,21.77,21.18,21.71,9741781
HPE,2025-02-18,21.805,21.86,21.29,21.78,10475521
HPE,2025-02-19,21.7,21.905,21.6,21.85,8249442
HPE,2025-02-20,21.86,21.965,21.535,21.74,8529439
HPE,2025-02-21,21.89,21.975,21.06,21.14,7588629
HPE,2025-02-24,21.2,21.256,20.66,20.75,10800850
HPE,2025-02-25,20.71,20.73,20.165,20.29,9877307
HPE,2025-02-26,20.49,20.785,20.24,20.37,10567658
HPE,2025-02-27,20.49,20.68,19.81,19.84,9272495
HPE,2025-02-28,19.6,20.03,19.24,19.81,15168291
HPE,2025-03-03,20.07,20.09,18.885,19.03,11432487
HPE,2025-03-04,18.86,19.12,18.335,18.84,15627759
HPE,2025-03-05,18.95,19.1,18.575,18.89,12990489
HPE,2025-03-06,18.32,18.6876,17.88,17.96,25081583
HPE,2025-03-07,15.26,16.04,14.93,15.81,81950558
HPE,2025-03-10,15.51,15.67,14.85,15.08,31811785
HPE,2025-03-11,15.02,15.505,14.92,15.34,27888747
HPE,2025-03-12,15.25,15.52,14.93,15.09,26231209
HPE,2025-03-13,15.11,15.425,14.64,14.77,29105669
HPE,2025-03-14,15.05,15.69,15.05,15.62,23696022
HPE,2025-03-17,15.65,15.96,15.6,15.84,16221983
HPE,2025-03-18,15.755,16.04,15.72,15.93,24401187
HPE,2025-03-19,16.08,16.545,16.0636,16.34,21112920
HPE,2025-03-20,16.1,16.48,16.0606,16.23,19358444
HPE,2025-03-21,15.94,16.12,15.7807,16.05,44755883
HPE,2025-03-24,16.4,16.55,16.315,16.48,24108773
HPE,2025-03-25,16.46,16.59,16.4,16.52,20776891
HPE,2025-03-26,16.5,16.55,16.035,16.07,23567116
HPE,2025-03-27,15.96,16.06,15.76,15.94,18129288
HPE,2025-03-28,15.85,15.92,15.52,15.79,19216397
HPE,2025-03-31,15.48,15.55,15.24,15.43,31786496
HPE,2025-04-01,15.49,15.735,15.275,15.64,22897492
HPE,2025-04-02,15.39,16.2,15.39,16.12,23638201
HPE,2025-04-03,15.13,15.3,13.6,13.68,35325817
HPE,2025-04-04,13.31,13.31,11.965,12.79,32654968
HPE,2025-04-07,12.34,14.2,12.31,13.33,35719925
HPE,2025-04-08,13.71,13.95,12.26,12.51,31348361
HPE,2025-04-09,12.37,14.595,12.15,14.5,39493519
HPE,2025-04-10,13.94,14.07,13.2,13.74,23011164
HPE,2025-04-11,13.73,14.18,13.43,14.14,23791769
HPE,2025-04-14,14.86,14.86,14.27,14.28,24166087
HPE,2025-04-15,14.28,15.54,14.2,15.01,48695237
HPE,2025-04-16,14.72,15.19,14.6,14.88,25806132
HPE,2025-04-17,14.97,15.26,14.75,15.14,22462863
HPE,2025-04-21,14.95,15.02,14.55,14.82,19119898
HPE,2025-04-22,15.02,15.245,14.91,15.15,15465605
HPE,2025-04-23,15.78,16.26,15.315,15.35,19315638
HPE,2025-04-24,15.44,16.27,15.42,16.18,18837528
HPE,2025-04-25,16.22,16.335,16.06,16.24,10291985
HPE,2025-04-28,16.285,16.54,16.2,16.49,15464691
HPE,2025-04-29,16.35,16.485,16.26,16.31,10251058
HPE,2025-04-30,15.72,16.29,15.7105,16.22,18477412
HPE,2025-05-01,16.4,16.76,16.4,16.41,14720330
HPE,2025-05-02,16.78,16.99,16.645,16.86,15404640
HPE,2025-05-05,16.66,16.99,16.63,16.67,14118229
HPE,2025-05-06,16.57,16.64,16.335,16.49,12831545
HPE,2025-05-07,16.56,16.6,16.175,16.56,13249346
HPE,2025-05-08,16.71,17.13,16.69,16.87,11542239
HPE,2025-05-09,16.965,17.11,16.76,16.89,15585519
HPE,2025-05-12,17.85,17.98,17.545,17.74,19595847
HPE,2025-05-13,17.8,18.06,17.675,17.92,14354021
HPE,2025-05-14,17.965,18.18,17.765,17.85,16650214
HPE,2025-05-15,17.72,17.72,17.44,17.62,16691802
HPE,2025-05-16,17.68,17.835,17.575,17.75,11741709
HPE,2025-05-19,17.36,17.545,17.33,17.46,16883634
HPE,2025-05-20,18.02,18.02,17.5825,17.72,16293767
HPE,2025-05-21,17.6,18.0699,17.485,17.54,19962691
HPE,2025-05-22,17.535,17.705,17.3401,17.55,14241446
HPE,2025-05-23,17.18,17.47,17.03,17.42,9263400
HPE,2025-05-27,17.83,17.98,17.6,17.94,16322133
HPE,2025-05-28,17.95,18.005,17.63,17.69,10687925
HPE,2025-05-29,17.84,17.901,17.575,17.65,15549982
HPE,2025-05-30,17.38,17.45,17.09,17.28,26151254
HPE,2025-06-02,17.28,17.375,17.025,17.34,15657324
HPE,2025-06-03,17.32,17.77,17.155,17.69,27275576
HPE,2025-06-04,19.17,19.2,17.58,17.84,45635509
HPE,2025-06-05,17.78,18.06,17.52,17.76,23712697
HPE,2025-06-06,17.86,18.23,17.76,18.11,14262923
HPE,2025-06-09,18.2,18.59,18.16,18.31,13415475
HPE,2025-06-10,18.52,18.5204,18.185,18.34,12940857
HPE,2025-06-11,18.3,18.42,18.12,18.22,12487073
HPE,2025-06-12,18.06,18.235,17.965,18.13,12763063
HPE,2025-06-13,17.76,17.96,17.53,17.65,13037107
HPE,2025-06-16,17.8,18.24,17.76,18.24,13992320
HPE,2025-06-17,18.03,18.26,17.84,17.9,14023024
HPE,2025-06-18,17.87,18.17,17.705,17.78,18678684
HPE,2025-06-20,18.025,18.19,17.78,17.96,33361954
HPE,2025-06-23,17.9,17.965,17.49,17.81,25782755
HPE,2025-06-24,17.99,18.25,17.94,18.15,12645889
HPE,2025-06-25,18.24,18.62,18.2,18.49,12015875
HPE,2025-06-26,18.595,18.63,18.325,18.37,15446967
HPE,2025-06-27,18.44,18.575,18.27,18.41,17126458
HPE,2025-06-30,20.69,20.97,20.12,20.45,58082007
NVDA,2023-01-03,148.51,149.96,140.96,143.15,40127658
NVDA,2023-01-04,145.67,148.53,142.41,147.49,43132360
NVDA,2023-01-05,144.91,145.64,141.4795,142.65,38916811
NVDA,2023-01-06,144.74,150.1,140.34,148.59,40504362
NVDA,2023-01-09,152.84,160.56,151.41,156.28,50418056
NVDA,2023-01-10,155.07,159.6199,154.72,159.09,38410126
NVDA,2023-01-11,158.3951,160.28,155.63,160.01,35319493
NVDA,2023-01-12,161.0,166.37,154.92,165.11,55127706
NVDA,2023-01-13,162.78,169.22,161.65,168.99,44728706
NVDA,2023-01-17,168.99,177.28,168.99,177.02,51110216
NVDA,2023-01-18,176.67,178.73,172.82,173.77,43958330
NVDA,2023-01-19,170.36,171.97,167.31,167.65,45293160
NVDA,2023-01-20,170.11,178.56,168.25,178.39,56496712
NVDA,2023-01-23,180.64,192.45,178.175,191.93,65516259
NVDA,2023-01-24,188.27,194.95,188.2,192.65,49620410
NVDA,2023-01-25,189.125,193.7,185.8,193.23,44953711
NVDA,2023-01-26,197.01,201.66,192.78,198.02,48953542
NVDA,2023-01-27,194.62,206.28,194.05,203.65,54214198
NVDA,2023-01-30,199.5,201.4,191.5,191.62,48861115
NVDA,2023-01-31,191.695,196.87,189.5,195.37,49801658
NVDA,2023-02-01,196.91,211.92,196.11,209.43,66047704
NVDA,2023-02-02,210.0,219.49,207.0,217.09,56427580
NVDA,2023-02-03,210.0,217.4499,207.89,211.0,42936595
NVDA,2023-02-06,208.06,215.7,207.86,210.89,45206508
NVDA,2023-02-07,213.82,222.59,211.5,221.73,66299961
NVDA,2023-02-08,223.87,228.78,220.0801,222.05,55965122
NVDA,2023-02-09,226.06,230.2,221.2,223.37,52387578
NVDA,2023-02-10,216.9,220.7764,208.11,212.65,55073675
NVDA,2023-02-13,215.38,220.48,209.62,217.88,47491862
NVDA,2023-02-14,215.78,230.488,213.66,229.71,67543590
NVDA,2023-02-15,225.49,228.55,221.06,227.64,42114866
NVDA,2023-02-16,221.33,225.5,219.268,220.02,41202628
NVDA,2023-02-17,216.31,217.4,209.75,213.88,46588764
NVDA,2023-02-21,210.0,214.938,206.18,206.55,41001455
NVDA,2023-02-22,207.07,211.04,204.21,207.54,51308832
NVDA,2023-02-23,234.4,238.88,230.25,236.64,111799541
NVDA,2023-02-24,232.25,234.74,229.47,232.86,58967271
NVDA,2023-02-27,236.7,238.7994,234.54,235.01,45299367
NVDA,2023-02-28,233.72,238.25,232.06,232.16,45596280
NVDA,2023-03-01,231.92,232.5557,225.08,226.98,46002562
NVDA,2023-03-02,224.88,233.804,224.32,233.14,39007465
NVDA,2023-03-03,233.2,239.0,231.3,238.9,41239330
NVDA,2023-03-06,238.91,242.48,234.87,235.54,43742923
NVDA,2023-03-07,236.0,241.25,232.41,232.88,51465388
NVDA,2023-03-08,234.87,242.0,234.235,241.81,51326339
NVDA,2023-03-09,241.75,244.54,233.8284,234.36,50125699
NVDA,2023-03-10,234.09,236.27,227.26,229.65,47486565
NVDA,2023-03-13,227.52,232.98,222.97,229.66,42189032
NVDA,2023-03-14,234.96,242.19,234.6,240.63,47483813
NVDA,2023-03-15,237.61,242.86,233.6,242.28,52448574
NVDA,2023-03-16,240.27,255.88,238.94,255.41,58494626
NVDA,2023-03-17,259.82,263.99,256.68,257.25,84849656
NVDA,2023-03-20,256.15,260.24,251.2983,259.0,43274719
NVDA,2023-03-21,261.8,263.92,253.81,261.99,54740776
NVDA,2023-03-22,264.25,275.89,262.37,264.68,79729511
NVDA,2023-03-23,271.155,274.99,266.9,271.91,56488876
NVDA,2023-03-24,270.31,271.67,263.55,267.79,45541407
NVDA,2023-03-27,268.37,270.0,263.65,265.31,36102574
NVDA,2023-03-28,264.47,265.13,258.5,264.1,35610378
NVDA,2023-03-29,268.25,270.78,265.97,269.84,39369387
NVDA,2023-03-30,272.29,274.99,271.02,273.83,36451574
NVDA,2023-03-31,271.4,278.3431,271.05,277.77,43393277
NVDA,2023-04-03,275.09,280.0,273.36,279.65,39868260
NVDA,2023-04-04,279.66,280.0,273.07,274.53,36840953
NVDA,2023-04-05,268.29,269.98,263.95,268.81,51470274
NVDA,2023-04-06,265.84,270.8,264.27,270.37,39751038
NVDA,2023-04-10,268.23,276.2099,266.69,275.79,39527855
NVDA,2023-04-11,277.235,277.9,271.26,271.69,31425817
NVDA,2023-04-12,273.7,274.6799,264.475,264.95,44625895
NVDA,2023-04-13,267.34,268.869,263.29,264.63,35361528
NVDA,2023-04-14,265.04,268.83,262.2,267.58,39557433
NVDA,2023-04-17,265.655,270.06,264.3318,270.02,32147130
NVDA,2023-04-18,275.335,281.1,273.57,276.67,60481154
NVDA,2023-04-19,273.61,280.0,272.32,279.31,35866041
NVDA,2023-04-20,276.71,280.3,270.0,271.04,42771326
NVDA,2023-04-21,269.52,271.83,267.22,271.19,34289637
NVDA,2023-04-24,270.13,273.6599,266.7101,270.42,33928186
NVDA,2023-04-25,270.78,272.47,262.25,262.41,37852716
NVDA,2023-04-26,270.02,273.3,267.051,269.56,40633681
NVDA,2023-04-27,273.63,274.95,266.2501,272.26,37693119
NVDA,2023-04-28,272.25,277.58,270.7148,277.49,29221614
NVDA,2023-05-01,278.4,290.5844,277.8,289.1,56942853
NVDA,2023-05-02,286.8,288.3599,280.83,282.1,40122057
NVDA,2023-05-03,278.4,283.67,274.72,278.02,38338740
NVDA,2023-05-04,276.51,278.59,272.4,275.62,32184806
NVDA,2023-05-05,278.255,287.55,277.31,286.8,36147908
NVDA,2023-05-08,285.22,292.2,283.5,291.51,34497890
NVDA,2023-05-09,288.99,289.73,284.5,285.71,31486946
NVDA,2023-05-10,290.05,291.13,284.6128,288.85,36934048
NVDA,2023-05-11,288.96,289.5,282.46,285.78,32158903
NVDA,2023-05-12,285.29,287.8,280.46,283.4,27406335
NVDA,2023-05-15,285.085,289.69,281.52,289.53,29346499
NVDA,2023-05-16,288.41,298.7,288.32,292.13,44940494
NVDA,2023-05-17,295.84,301.99,294.3001,301.78,43253491
NVDA,2023-05-18,304.1,318.28,303.2,316.78,74864821
NVDA,2023-05-19,315.36,315.8,309.16,312.64,47390717
NVDA,2023-05-22,309.01,315.2,306.8,311.76,37013367
NVDA,2023-05-23,310.0,312.88,306.31,306.88,35620126
NVDA,2023-05-24,302.1,306.07,298.06,305.38,72141851
NVDA,2023-05-25,385.23,394.8,366.35,379.8,154383377
NVDA,2023-05-26,378.9,391.7,375.5,389.46,71386076
NVDA,2023-05-30,405.95,419.38,399.49,401.11,92335810
NVDA,2023-05-31,394.88,402.95,378.22,378.34,100258020
NVDA,2023-06-01,384.89,400.5,383.4,397.7,63587095
NVDA,2023-06-02,400.97,405.0,390.5801,393.27,48258421
NVDA,2023-06-05,389.09,395.6503,387.07,391.71,39573651
NVDA,2023-06-06,388.3,391.6,381.48,386.54,38872914
NVDA,2023-06-07,389.15,394.99,373.56,374.75,51162829
NVDA,2023-06-08,377.24,388.64,375.05,385.1,41777240
NVDA,2023-06-09,390.37,397.11,385.67,387.7,42671747
NVDA,2023-06-12,392.0,395.2999,386.18,394.82,38967335
NVDA,2023-06-13,401.86,411.01,397.4,410.22,61320816
NVDA,2023-06-14,408.24,430.0,405.52,429.97,74046502
NVDA,2023-06-15,426.02,432.89,421.47,426.53,56849004
NVDA,2023-06-16,434.5,437.21,426.605,426.92,65569741
NVDA,2023-06-20,429.98,439.9,426.74,438.08,45113911
NVDA,2023-06-21,435.01,436.15,420.8,430.45,55160291
NVDA,2023-06-22,422.53,434.255,422.34,430.25,41750733
NVDA,2023-06-23,424.64,428.09,420.15,422.09,35810734
NVDA,2023-06-26,424.61,427.64,401.0,406.32,59432192
NVDA,2023-06-27,407.99,419.4,404.48,418.76,46223256
NVDA,2023-06-28,406.6,418.45,405.18,411.17,58263790
NVDA,2023-06-29,415.58,416.0,406.0,408.22,38051430
NVDA,2023-06-30,416.8,425.5,415.01,423.02,50112495
NVDA,2023-07-03,425.17,428.98,422.02,424.13,19820919
NVDA,2023-07-05,421.35,431.77,420.85,423.17,32361756
NVDA,2023-07-06,418.44,421.79,413.46,421.03,30413879
NVDA,2023-07-07,423.22,432.14,421.8,425.03,35585147
NVDA,2023-07-10,426.57,428.11,416.49,421.8,35379411
NVDA,2023-07-11,424.81,427.58,420.67,424.05,29681506
NVDA,2023-07-12,430.33,439.35,427.7728,439.02,48127702
NVDA,2023-07-13,445.18,461.55,444.92,459.77,47788389
NVDA,2023-07-14,465.8281,480.88,450.6,454.69,77161098
NVDA,2023-07-17,462.89,464.96,452.6241,464.61,51038262
NVDA,2023-07-18,467.01,478.9599,457.34,474.94,57007342
NVDA,2023-07-19,474.64,478.18,467.42,470.77,42750179
NVDA,2023-07-20,465.07,470.87,450.62,455.2,53779791
NVDA,2023-07-21,457.88,458.66,441.0,443.09,96376863
NVDA,2023-07-24,447.31,451.09,440.4,446.12,38310339
NVDA,2023-07-25,449.41,461.825,449.23,456.79,34808091
NVDA,2023-07-26,460.21,460.53,446.3,454.52,36423726
NVDA,2023-07-27,465.19,473.95,457.5,459.0,45585202
NVDA,2023-07-28,466.68,470.27,463.81,467.5,33113054
NVDA,2023-07-31,467.54,471.3,465.0601,467.29,25105528
NVDA,2023-08-01,464.595,469.0,460.27,465.07,23924397
NVDA,2023-08-02,458.31,458.4,433.87,442.69,53011746
NVDA,2023-08-03,438.0,451.18,438.0,445.15,32504460
NVDA,2023-08-04,449.85,456.42,443.93,446.8,36266618
NVDA,2023-08-07,451.11,455.4,445.6345,454.165,32215354
NVDA,2023-08-08,448.53,452.42,440.5601,446.64,35384343
NVDA,2023-08-09,442.74,443.12,421.34,425.54,58620257
NVDA,2023-08-10,421.6,435.74,418.35,423.88,49263030
NVDA,2023-08-11,417.51,420.18,406.39,408.55,53302806
NVDA,2023-08-14,404.86,438.0,403.11,437.53,69017543
NVDA,2023-08-15,445.6,452.68,437.1,439.4,67605151
NVDA,2023-08-16,445.2,446.75,434.06,434.86,51395068
NVDA,2023-08-17,439.7,440.62,430.01,433.435,45235532
NVDA,2023-08-18,426.35,435.7799,416.6,432.99,58374261
NVDA,2023-08-21,444.94,470.65,442.22,469.67,69255837
NVDA,2023-08-22,481.35,481.87,453.331,456.68,75595821
NVDA,2023-08-23,458.66,472.0,452.08,471.16,77856508
NVDA,2023-08-24,502.16,502.66,471.59,471.63,115588734
NVDA,2023-08-25,470.12,478.05,450.24,460.18,92531152
NVDA,2023-08-28,464.82,469.8,448.88,468.35,68499743
NVDA,2023-08-29,466.66,490.81,463.9101,487.84,70139699
NVDA,2023-08-30,490.44,499.27,484.25,492.64,73489798
NVDA,2023-08-31,493.8,497.44,489.58,493.55,52856977
NVDA,2023-09-01,497.62,498.0,481.416,485.09,46372680
NVDA,2023-09-05,482.23,488.5081,478.6,485.48,38265258
NVDA,2023-09-06,484.41,485.49,465.8,470.61,46863177
NVDA,2023-09-07,455.25,463.44,451.52,462.41,43332989
NVDA,2023-09-08,459.42,466.06,452.71,455.72,47389994
NVDA,2023-09-11,461.48,461.63,443.12,451.78,47391755
NVDA,2023-09-12,447.38,456.73,445.31,448.7,34924934
NVDA,2023-09-13,446.0,459.3,445.03,454.85,39828735
NVDA,2023-09-14,459.5,459.8699,451.31,455.81,37009720
NVDA,2023-09-15,453.41,455.99,438.08,439.0,50585211
NVDA,2023-09-18,427.48,442.42,420.0,439.66,50022279
NVDA,2023-09-19,438.33,439.66,430.02,435.2,37306424
NVDA,2023-09-20,436.0,439.03,422.23,422.39,36706369
NVDA,2023-09-21,415.83,421.0,409.8,410.17,45044396
NVDA,2023-09-22,415.72,421.15,412.31,416.1,47909231
NVDA,2023-09-25,415.91,425.36,411.77,422.22,41909096
NVDA,2023-09-26,420.01,428.2,416.55,419.11,40228209
NVDA,2023-09-27,423.3,428.72,416.2901,424.68,44493520
NVDA,2023-09-28,424.6,434.4631,421.15,430.89,42466279
NVDA,2023-09-29,438.27,441.44,433.0694,434.99,39782993
NVDA,2023-10-02,440.3,451.75,438.61,447.82,43329821
NVDA,2023-10-03,448.08,451.3,432.46,435.17,47084954
NVDA,2023-10-04,437.42,441.43,432.9201,440.41,36182086
NVDA,2023-10-05,440.5,449.0,438.88,446.88,39348309
NVDA,2023-10-06,441.93,457.89,440.26,457.62,43439102
NVDA,2023-10-09,448.42,456.05,443.68,452.73,40967472
NVDA,2023-10-10,453.1,462.59,450.88,457.98,36858208
NVDA,2023-10-11,461.96,468.59,460.5,468.06,37813689
NVDA,2023-10-12,467.77,476.09,463.3,469.45,48114000
NVDA,2023-10-13,469.6,471.16,452.8,454.61,47535099
NVDA,2023-10-16,450.63,462.25,449.12,460.95,37509924
NVDA,2023-10-17,440.0,447.54,424.8,439.38,81218032
NVDA,2023-10-18,425.91,432.19,418.25,421.96,62726794
NVDA,2023-10-19,428.11,432.97,418.82,421.01,50028708
NVDA,2023-10-20,418.9,424.7,410.78,413.87,47706986
NVDA,2023-10-23,412.29,432.4799,409.45,429.75,47851249
NVDA,2023-10-24,430.77,436.97,426.91,436.63,40146337
NVDA,2023-10-25,433.98,436.5,415.55,417.79,39825922
NVDA,2023-10-26,418.53,422.5555,398.8019,403.26,54100132
NVDA,2023-10-27,411.3,412.06,400.15,405.0,41678441
NVDA,2023-10-30,410.87,422.82,404.81,411.61,38804213
NVDA,2023-10-31,404.5,408.79,392.3001,407.8,51793870
NVDA,2023-11-01,408.84,423.81,408.69,423.25,43759290
NVDA,2023-11-02,433.28,438.84,428.94,435.06,40914437
NVDA,2023-11-03,440.2,453.0899,437.23,450.05,42460959
NVDA,2023-11-06,452.845,459.35,448.99,457.51,40073335
NVDA,2023-11-07,457.19,462.18,451.575,459.55,34316547
NVDA,2023-11-08,461.0,468.67,459.68,465.74,34671894
NVDA,2023-11-09,474.67,482.3,467.5,469.5,54034597
NVDA,2023-11-10,475.0,484.72,472.8301,483.35,42244156
NVDA,2023-11-13,483.2,491.16,480.9901,486.2,38413370
NVDA,2023-11-14,496.8,498.34,490.4001,496.56,41672587
NVDA,2023-11-15,499.35,499.6,482.0,488.88,47499735
NVDA,2023-11-16,486.79,495.2469,483.3,494.8,33975624
NVDA,2023-11-17,495.24,497.17,490.07,492.98,32580091
NVDA,2023-11-20,493.12,505.48,491.8101,504.09,41614260
NVDA,2023-11-21,501.26,505.17,492.22,499.44,56572527
NVDA,2023-11-22,498.52,503.3494,476.9,487.16,89064233
NVDA,2023-11-24,484.7001,489.21,477.45,477.76,29464464
NVDA,2023-11-27,478.0,485.3,476.52,482.42,39558630
NVDA,2023-11-28,482.36,483.229,474.73,478.21,40149085
NVDA,2023-11-29,483.79,487.62,478.6,481.4,38200465
NVDA,2023-11-30,480.24,481.1,464.22,467.7,52624663
NVDA,2023-12-01,465.25,472.0,461.87,467.65,36931701
NVDA,2023-12-04,460.77,460.77,450.1,455.1,43754344
NVDA,2023-12-05,454.66,466.0,452.71,465.66,37171762
NVDA,2023-12-06,472.145,473.87,454.12,455.03,38058955
NVDA,2023-12-07,457.0,466.29,456.04,465.96,35082255
NVDA,2023-12-08,465.95,477.4085,465.5,475.06,35922370
NVDA,2023-12-11,474.91,475.31,458.3,466.27,50972809
NVDA,2023-12-12,460.46,476.66,460.46,476.57,37238686
NVDA,2023-12-13,476.29,485.94,476.08,480.88,44779186
NVDA,2023-12-14,483.9,486.7,474.22,483.5,39123174
NVDA,2023-12-15,481.94,494.04,481.2,488.9,47913358
NVDA,2023-12-18,494.0,504.3299,491.5,500.77,41108717
NVDA,2023-12-19,494.24,497.0,488.95,496.04,46444446
NVDA,2023-12-20,496.55,499.99,480.98,481.11,39789439
NVDA,2023-12-21,488.11,490.95,484.19,489.9,30034735
NVDA,2023-12-22,491.95,493.83,484.67,488.3,25227676
NVDA,2023-12-26,489.68,496.0,489.6,492.79,24314752
NVDA,2023-12-27,495.11,496.8,490.85,494.17,23364798
NVDA,2023-12-28,496.43,498.8399,494.12,495.22,24658748
NVDA,2023-12-29,498.13,499.97,487.51,495.22,38869330
NVDA,2024-01-02,492.44,492.95,475.95,481.68,41117022
NVDA,2024-01-03,474.85,481.841,473.2,475.69,32082267
NVDA,2024-01-04,477.67,485.0,475.08,479.98,30548939
NVDA,2024-01-05,484.62,495.47,483.0601,490.97,40957127
NVDA,2024-01-08,495.12,522.75,494.79,522.53,64250990
NVDA,2024-01-09,524.01,543.25,516.9,531.4,77295926
NVDA,2024-01-10,536.16,546.0,534.89,543.5,53374976
NVDA,2024-01-11,549.99,553.46,535.6,548.22,59673727
NVDA,2024-01-12,546.2,549.7,543.3008,547.1,35241880
NVDA,2024-01-16,550.18,568.3499,549.0,563.82,44948613
NVDA,2024-01-17,563.47,564.7068,547.4,560.53,47439444
NVDA,2024-01-18,572.6,576.0,561.07,571.07,49165036
NVDA,2024-01-19,579.89,595.0,572.25,594.91,54330423
NVDA,2024-01-22,600.49,603.31,590.7,596.54,45275383
NVDA,2024-01-23,595.7,599.1,585.85,598.73,29457445
NVDA,2024-01-24,603.04,628.49,599.38,613.62,56027064
NVDA,2024-01-25,623.5,627.19,608.5,616.17,48255184
NVDA,2024-01-26,609.6,617.83,605.73,610.31,38974259
NVDA,2024-01-29,612.32,624.89,609.07,624.65,34870348
NVDA,2024-01-30,629.0,634.93,622.6,627.74,41070905
NVDA,2024-01-31,614.4,622.6902,607.0,615.27,45379487
NVDA,2024-02-01,621.0,631.91,616.5,630.27,36914579
NVDA,2024-02-02,639.74,666.0,636.9,661.6,47652765
NVDA,2024-02-05,682.25,694.97,672.05,693.32,67984501
NVDA,2024-02-06,696.3,697.5399,663.0,682.23,68301061
NVDA,2024-02-07,683.19,702.2,676.0,700.99,49557455
NVDA,2024-02-08,700.74,707.94,694.55,696.41,40627741
NVDA,2024-02-09,705.33,721.85,702.12,721.33,43613139
NVDA,2024-02-12,726.0,746.11,712.5,722.48,61322238
NVDA,2024-02-13,704.0,734.5,696.2,721.28,60258015
NVDA,2024-02-14,732.02,742.36,719.38,739.0,50491742
NVDA,2024-02-15,738.69,739.75,724.0,726.58,42001581
NVDA,2024-02-16,741.0,744.02,725.01,726.13,49516312
NVDA,2024-02-20,719.47,719.56,677.34,694.52,70477460
NVDA,2024-02-21,680.06,688.88,662.48,674.72,69015507
NVDA,2024-02-22,750.25,785.75,742.2,785.38,86503174
NVDA,2024-02-23,807.9,823.94,775.7,788.17,82931257
NVDA,2024-02-26,797.0,806.4599,785.05,790.92,50321923
NVDA,2024-02-27,793.81,794.8,771.62,787.01,39152404
NVDA,2024-02-28,776.2,789.33,771.25,776.63,39311040
NVDA,2024-02-29,790.94,799.9,783.5,791.12,50728898
NVDA,2024-03-01,800.0,823.0,794.3503,822.79,47913510
NVDA,2024-03-04,841.3,876.95,837.19,852.37,61560895
NVDA,2024-03-05,852.7,860.97,834.1701,859.64,51933270
NVDA,2024-03-06,880.22,897.24,870.3001,887.0,58047030
NVDA,2024-03-07,901.58,927.67,896.0201,926.69,60804716
NVDA,2024-03-08,951.379,974.0,865.06,875.28,114224976
NVDA,2024-03-11,864.29,887.97,841.66,857.74,67833512
NVDA,2024-03-12,880.49,919.6,861.501,919.13,66793015
NVDA,2024-03-13,910.55,915.04,884.35,908.88,63570254
NVDA,2024-03-14,895.77,906.46,866.0,879.44,60228156
NVDA,2024-03-15,869.3,895.46,862.57,878.365,63527116
NVDA,2024-03-18,903.88,924.05,870.85,884.55,66898161
NVDA,2024-03-19,867.0,905.44,850.1,893.98,67215377
NVDA,2024-03-20,897.97,904.1,882.23,903.72,47660279
NVDA,2024-03-21,923.0,926.48,904.05,914.35,47969971
NVDA,2024-03-22,911.41,947.7799,908.3401,942.89,58641936
NVDA,2024-03-25,939.41,967.6599,935.1,950.02,55204733
NVDA,2024-03-26,958.51,963.75,925.02,925.61,51164758
NVDA,2024-03-27,931.12,932.4,891.23,902.5,58604623
NVDA,2024-03-28,900.0,913.0,891.93,903.56,43521227
NVDA,2024-04-01,902.99,922.25,892.04,903.63,45194149
NVDA,2024-04-02,884.48,900.94,876.2,894.52,43254505
NVDA,2024-04-03,884.84,903.74,884.0,889.64,36940205
NVDA,2024-04-04,904.06,906.3399,858.8,859.05,43471542
NVDA,2024-04-05,868.66,884.81,859.26,880.08,39958446
NVDA,2024-04-08,887.0,888.3,867.32,871.33,28322000
NVDA,2024-04-09,874.42,876.35,830.22,853.54,50350935
NVDA,2024-04-10,839.26,874.0,837.09,870.39,43179153
NVDA,2024-04-11,874.2,907.3899,869.26,906.16,43153237
NVDA,2024-04-12,896.99,901.7499,875.3,881.86,42566989
NVDA,2024-04-15,890.98,906.13,859.2901,860.01,44104577
NVDA,2024-04-16,864.325,881.18,860.639,874.15,36739845
NVDA,2024-04-17,883.4,887.75,839.5,840.35,49296232
NVDA,2024-04-18,849.7,861.8999,824.02,846.71,44630095
NVDA,2024-04-19,831.5,843.24,756.06,762.0,87248869
NVDA,2024-04-22,781.04,800.73,764.0,795.18,59594545
NVDA,2024-04-23,807.69,827.69,802.64,824.23,43583950
NVDA,2024-04-24,839.5,840.82,791.83,796.77,50985515
NVDA,2024-04-25,788.6801,833.2299,782.23,826.32,42308600
NVDA,2024-04-26,838.18,883.3093,833.87,877.35,54846688
NVDA,2024-04-29,875.95,879.92,852.66,877.57,38540266
NVDA,2024-04-30,872.4,888.19,863.0,864.02,36220589
NVDA,2024-05-01,850.77,860.0,812.5456,830.41,55778574
NVDA,2024-05-02,844.49,862.37,832.0,858.17,37327781
NVDA,2024-05-03,877.89,892.81,870.4,887.89,39698994
NVDA,2024-05-06,893.9,922.2,890.55,921.4,37353884
NVDA,2024-05-07,910.98,917.8099,890.11,905.54,43466686
NVDA,2024-05-08,894.825,911.94,894.2,904.12,32356789
NVDA,2024-05-09,905.29,910.72,882.31,887.47,37680690
NVDA,2024-05-10,903.045,914.01,892.27,898.78,33399931
NVDA,2024-05-13,904.78,909.98,885.29,903.99,28763128
NVDA,2024-05-14,895.99,916.51,889.34,913.56,29561187
NVDA,2024-05-15,924.72,948.62,915.99,946.3,41638273
NVDA,2024-05-16,949.1,958.1899,941.03,943.59,32263540
NVDA,2024-05-17,943.69,947.4,918.06,924.79,35542392
NVDA,2024-05-20,937.5,952.0,934.4,947.8,31545250
NVDA,2024-05-21,935.99,954.0,931.8,953.86,32722361
NVDA,2024-05-22,954.59,960.2,932.49,949.5,54610733
NVDA,2024-05-23,1020.28,1063.2,1015.2,1037.99,82911445
NVDA,2024-05-24,1044.49,1064.75,1030.0,1064.69,42624616
NVDA,2024-05-28,1102.44,1149.39,1098.83,1139.01,64910151
NVDA,2024-05-29,1130.5,1154.92,1109.01,1148.25,55503609
NVDA,2024-05-30,1146.5,1158.1915,1096.63,1105.0,48095808
NVDA,2024-05-31,1125.2,1127.17,1069.4,1096.33,59846117
NVDA,2024-06-03,1136.21,1150.0,1120.03,1150.0,43502068
NVDA,2024-06-04,1157.16,1166.0,1140.45,1164.37,40062229
NVDA,2024-06-05,1183.71,1224.495,1174.68,1224.4,52188541
NVDA,2024-06-06,1240.48,1255.87,1183.2,1209.98,65723115
NVDA,2024-06-07,1197.7,1216.9171,1180.22,1208.88,40552650
NVDA,2024-06-10,120.37,123.1,117.01,121.79,307078688
NVDA,2024-06-11,121.77,122.87,118.74,120.91,218971550
NVDA,2024-06-12,123.06,126.88,122.57,125.2,294958450
NVDA,2024-06-13,129.39,129.8,127.16,129.61,258929259
NVDA,2024-06-14,129.96,132.84,128.32,131.88,307121311
NVDA,2024-06-17,132.99,133.73,129.58,130.98,285908668
NVDA,2024-06-18,131.14,136.33,130.69,135.58,291995868
NVDA,2024-06-20,139.8,140.76,129.52,130.78,508174371
NVDA,2024-06-21,127.12,130.63,124.3,126.57,556811979
NVDA,2024-06-24,123.24,124.46,118.04,118.11,465484439
NVDA,2024-06-25,121.2,126.5,119.32,126.09,411392492
NVDA,2024-06-26,126.13,128.12,122.6,126.4,355252504
NVDA,2024-06-27,124.1,126.41,122.92,123.99,247638444
NVDA,2024-06-28,124.58,127.71,122.75,123.54,309719295
NVDA,2024-07-01,123.47,124.84,118.83,124.3,281803195
NVDA,2024-07-02,121.13,123.41,121.03,122.67,214601150
NVDA,2024-07-03,121.66,128.28,121.36,128.28,214557604
NVDA,2024-07-05,127.38,128.85,125.68,125.83,209133020
NVDA,2024-07-08,127.49,130.77,127.04,128.2,232400315
NVDA,2024-07-09,130.35,133.82,128.65,131.38,283648597
NVDA,2024-07-10,134.03,135.1,132.42,134.91,246936588
NVDA,2024-07-11,135.75,136.15,127.05,127.4,371356833
NVDA,2024-07-12,128.26,131.92,127.22,129.24,250843668
NVDA,2024-07-15,130.56,131.39,127.18,128.44,204679925
NVDA,2024-07-16,128.44,129.04,124.58,126.36,210228718
NVDA,2024-07-17,121.35,121.85,116.72,117.99,386032840
NVDA,2024-07-18,121.85,122.4,116.56,121.09,317627770
NVDA,2024-07-19,120.35,121.6,117.37,117.93,212358769
NVDA,2024-07-22,120.35,124.07,119.86,123.54,251942147
NVDA,2024-07-23,122.78,124.69,122.1,122.59,172565369
NVDA,2024-07-24,119.17,119.95,113.44,114.25,323948308
NVDA,2024-07-25,113.04,116.63,106.3,112.28,451957966
NVDA,2024-07-26,116.19,116.2,111.58,113.06,281667400
NVDA,2024-07-29,113.69,116.28,111.3,111.59,246936219
NVDA,2024-07-30,111.52,111.99,102.54,103.73,483357863
NVDA,2024-07-31,112.9,118.34,110.88,117.02,469574108
NVDA,2024-08-01,117.53,120.16,106.8104,109.21,519757340
NVDA,2024-08-02,103.76,108.72,101.37,107.27,476062931
NVDA,2024-08-05,92.06,103.41,90.69,100.45,552327125
NVDA,2024-08-06,103.84,107.71,100.55,104.25,408119698
NVDA,2024-08-07,107.81,108.8,98.69,98.91,407217755
NVDA,2024-08-08,102.0,105.5,97.52,104.97,386910023
NVDA,2024-08-09,105.64,106.6,103.43,104.75,286414285
NVDA,2024-08-12,106.32,111.07,106.26,109.02,322492149
NVDA,2024-08-13,112.44,116.23,111.58,116.14,311284157
NVDA,2024-08-14,118.53,118.6,114.07,118.08,337066795
NVDA,2024-08-15,118.76,123.24,117.47,122.86,314776934
NVDA,2024-08-16,121.94,125.0,121.18,124.58,296287710
NVDA,2024-08-19,124.28,130.0,123.42,130.0,314393591
NVDA,2024-08-20,128.4,129.88,125.89,127.25,294245454
NVDA,2024-08-21,127.315,129.35,126.66,128.5,256692511
NVDA,2024-08-22,130.02,130.75,123.1,123.74,363193495
NVDA,2024-08-23,125.86,129.6,125.22,129.37,320192244
NVDA,2024-08-26,129.57,131.26,124.37,126.46,323296384
NVDA,2024-08-27,125.05,129.2,123.88,128.3,295934253
NVDA,2024-08-28,128.12,128.33,122.64,125.61,443814092
NVDA,2024-08-29,121.355,124.43,116.71,117.59,449560201
NVDA,2024-08-30,119.53,121.75,117.22,119.37,327977644
NVDA,2024-09-03,116.01,116.21,107.29,108.0,475246088
NVDA,2024-09-04,105.41,109.99,104.12,106.21,371830437
NVDA,2024-09-05,104.985,109.65,104.76,107.21,301493610
NVDA,2024-09-06,108.04,108.15,100.95,102.83,405953858
NVDA,2024-09-09,104.88,106.55,103.69,106.47,266697863
NVDA,2024-09-10,107.81,109.4,104.95,108.1,263550250
NVDA,2024-09-11,109.39,117.19,107.42,116.91,435747845
NVDA,2024-09-12,116.84,120.79,115.38,119.14,361336246
NVDA,2024-09-13,119.08,119.955,117.6,119.1,236970236
NVDA,2024-09-16,116.79,118.18,114.36,116.78,243195161
NVDA,2024-09-17,118.17,118.8,114.83,115.59,229361887
NVDA,2024-09-18,115.89,117.7,113.22,113.37,306563287
NVDA,2024-09-19,117.35,119.66,117.25,117.87,290949160
NVDA,2024-09-20,117.06,118.6181,115.3901,116.0,364410818
NVDA,2024-09-23,116.55,116.99,114.86,116.26,203814270
NVDA,2024-09-24,116.515,121.8,115.38,120.87,351200500
NVDA,2024-09-25,122.02,124.94,121.61,123.51,279958096
NVDA,2024-09-26,126.8,127.665,121.8,124.04,300145021
NVDA,2024-09-27,123.97,124.03,119.26,121.4,267931321
NVDA,2024-09-30,118.31,121.5,118.15,121.44,222685715
NVDA,2024-10-01,121.765,122.4351,115.79,117.0,297510364
NVDA,2024-10-02,116.44,119.38,115.14,118.85,220394466
NVDA,2024-10-03,120.92,124.36,120.3401,122.85,275663030
NVDA,2024-10-04,124.94,125.04,121.83,124.92,243231748
NVDA,2024-10-07,124.99,130.64,124.95,127.72,340796426
NVDA,2024-10-08,130.26,133.48,129.42,132.89,282535038
NVDA,2024-10-09,134.11,134.52,131.38,132.65,243147858
NVDA,2024-10-10,131.91,135.0,131.0,134.81,240714041
NVDA,2024-10-11,134.01,135.78,133.66,134.8,168873663
NVDA,2024-10-14,136.47,139.6,136.3,138.07,224602526
NVDA,2024-10-15,137.87,138.57,128.74,131.6,372120889
NVDA,2024-10-16,133.98,136.62,131.58,135.72,262382205
NVDA,2024-10-17,139.34,140.89,136.87,136.93,300715593
NVDA,2024-10-18,138.665,138.9,137.28,138.0,172997589
NVDA,2024-10-21,138.13,143.71,138.0,143.71,261032187
NVDA,2024-10-22,142.91,144.42,141.78,143.59,224891194
NVDA,2024-10-23,142.03,142.43,137.46,139.56,281616805
NVDA,2024-10-24,140.82,141.35,138.46,140.41,170331532
NVDA,2024-10-25,140.93,144.13,140.8,141.54,199161159
NVDA,2024-10-28,143.0,143.14,140.05,140.52,167520099
NVDA,2024-10-29,140.285,142.2598,138.9,141.25,151620943
NVDA,2024-10-30,139.54,140.33,136.81,139.335,173108363
NVDA,2024-10-31,137.6,137.61,132.1106,132.76,263755833
NVDA,2024-11-01,134.7,137.31,134.57,135.4,203091537
NVDA,2024-11-04,137.21,138.96,135.57,136.05,185086007
NVDA,2024-11-05,137.45,140.3701,137.33,139.91,157688953
NVDA,2024-11-06,142.96,146.49,141.96,145.61,237008829
NVDA,2024-11-07,146.39,148.93,146.17,148.88,199957957
NVDA,2024-11-08,148.77,149.77,146.26,147.63,171956029
NVDA,2024-11-11,148.68,148.85,143.57,145.26,179228758
NVDA,2024-11-12,146.78,149.65,146.01,148.29,193657762
NVDA,2024-11-13,149.07,149.33,145.9,146.27,182678299
NVDA,2024-11-14,147.64,149.0,145.55,146.76,188152423
NVDA,2024-11-15,144.87,145.24,140.08,141.98,248079941
NVDA,2024-11-18,139.5,141.55,137.15,140.15,216466599
NVDA,2024-11-19,141.32,147.13,140.99,147.01,224084187
NVDA,2024-11-20,147.41,147.56,142.73,145.89,304732523
NVDA,2024-11-21,149.35,152.89,140.7,146.67,395864751
NVDA,2024-11-22,145.93,147.16,141.1,141.95,232068315
NVDA,2024-11-25,141.99,142.05,135.82,136.02,314972791
NVDA,2024-11-26,137.7,139.3,135.67,136.92,186931044
NVDA,2024-11-27,135.01,137.22,131.8,135.34,221904495
NVDA,2024-11-29,136.78,139.35,136.05,138.25,135827085
NVDA,2024-12-02,138.83,140.45,137.825,138.63,163961813
NVDA,2024-12-03,138.26,140.54,137.95,140.26,158521234
NVDA,2024-12-04,141.995,145.79,140.29,145.14,218955288
NVDA,2024-12-05,145.11,146.54,143.95,145.06,171582324
NVDA,2024-12-06,144.6,145.7,141.31,142.44,179951412
NVDA,2024-12-09,138.97,139.95,137.13,138.81,180194359
NVDA,2024-12-10,139.01,141.82,133.79,135.07,204088158
NVDA,2024-12-11,137.36,140.17,135.21,139.31,176995269
NVDA,2024-12-12,137.08,138.44,135.8,137.34,156059486
NVDA,2024-12-13,138.94,139.6,132.54,134.25,225656561
NVDA,2024-12-16,134.18,134.4,130.42,132.0,228451636
NVDA,2024-12-17,129.09,131.59,126.86,130.39,251426104
NVDA,2024-12-18,133.86,136.7,128.28,128.91,266348850
NVDA,2024-12-19,131.76,134.03,129.55,130.68,198433580
NVDA,2024-12-20,129.81,135.28,128.22,134.7,296971927
NVDA,2024-12-23,136.28,139.79,135.1201,139.67,173695282
NVDA,2024-12-24,140.0,141.9,138.65,140.22,104017348
NVDA,2024-12-26,139.7,140.85,137.73,139.93,114189607
NVDA,2024-12-27,138.55,139.02,134.71,137.01,168831679
NVDA,2024-12-30,134.83,140.27,134.02,137.49,165655840
NVDA,2024-12-31,138.03,138.07,133.83,134.29,152744324
NVDA,2025-01-02,136.0,138.88,134.63,138.31,192953600
NVDA,2025-01-03,140.01,144.9,139.73,144.47,223598421
NVDA,2025-01-06,148.59,152.156,147.8201,149.43,262607677
NVDA,2025-01-07,153.03,153.13,140.01,140.14,348869250
NVDA,2025-01-08,142.58,143.95,137.56,140.11,222763746
NVDA,2025-01-10,137.45,139.92,134.22,135.91,204264104
NVDA,2025-01-13,129.99,133.49,129.51,133.23,201024681
NVDA,2025-01-14,136.05,136.38,130.05,131.76,192243612
NVDA,2025-01-15,133.65,136.45,131.29,136.24,181724024
NVDA,2025-01-16,138.64,138.75,133.49,133.57,206254448
NVDA,2025-01-17,136.69,138.5,135.4649,137.71,198145635
NVDA,2025-01-21,139.16,141.83,137.09,140.83,193115543
NVDA,2025-01-22,144.66,147.79,143.67,147.07,231795201
NVDA,2025-01-23,145.05,147.23,143.72,147.22,153298302
NVDA,2025-01-24,148.37,148.97,141.88,142.62,231553034
NVDA,2025-01-27,124.8,128.4,116.7,118.42,816688577
NVDA,2025-01-28,121.81,129.0,116.25,128.99,578157590
NVDA,2025-01-29,126.5,126.89,120.05,123.7,439853889
NVDA,2025-01-30,123.1,125.0,118.1,124.65,390601378
NVDA,2025-01-31,123.78,127.85,119.19,120.07,365863407
NVDA,2025-02-03,114.75,118.57,113.01,116.66,366403753
NVDA,2025-02-04,116.96,121.2,116.7,118.65,242321420
NVDA,2025-02-05,121.76,125.0,120.76,124.83,261217827
NVDA,2025-02-06,127.42,128.77,125.21,128.68,248146032
NVDA,2025-02-07,129.22,130.37,125.0,129.84,226630821
NVDA,2025-02-10,130.09,135.0,129.96,133.57,211358778
NVDA,2025-02-11,132.58,134.48,131.02,132.8,175349571
NVDA,2025-02-12,130.02,132.24,129.08,131.14,156822922
NVDA,2025-02-13,131.555,136.5,131.17,135.29,193983514
NVDA,2025-02-14,136.48,139.25,135.5,138.85,192214553
NVDA,2025-02-18,141.27,143.44,137.925,139.4,209885991
NVDA,2025-02-19,139.51,141.36,137.22,139.23,164079687
NVDA,2025-02-20,140.03,140.66,136.7901,140.11,141079184
NVDA,2025-02-21,140.04,141.46,134.03,134.43,223462644
NVDA,2025-02-24,136.56,138.59,130.08,130.28,232095405
NVDA,2025-02-25,129.98,130.2,124.44,126.63,268064455
NVDA,2025-02-26,129.985,133.73,128.49,131.28,319803050
NVDA,2025-02-27,135.0,135.01,120.01,120.15,434250210
NVDA,2025-02-28,118.02,125.09,116.4,124.92,383378713
NVDA,2025-03-03,123.51,123.7,112.28,114.06,409069181
NVDA,2025-03-04,110.645,119.31,110.11,115.99,397782394
NVDA,2025-03-05,117.58,118.2781,114.51,117.3,277030786
NVDA,2025-03-06,113.53,115.35,110.22,110.57,315274479
NVDA,2025-03-07,111.25,113.48,107.56,112.69,338529408
NVDA,2025-03-10,109.9,111.85,105.46,106.98,362588799
NVDA,2025-03-11,106.99,112.236,104.77,108.76,347928499
NVDA,2025-03-12,114.12,116.76,112.88,115.74,319161605
NVDA,2025-03-13,117.03,117.76,113.79,115.58,293604451
NVDA,2025-03-14,118.61,121.88,118.15,121.67,272222817
NVDA,2025-03-17,122.74,122.89,118.03,119.53,248470740
NVDA,2025-03-18,118.0,119.02,114.54,115.43,295351880
NVDA,2025-03-19,117.27,120.445,115.68,117.52,269886206
NVDA,2025-03-20,116.55,120.2,116.47,118.53,244435646
NVDA,2025-03-21,116.94,117.99,115.42,117.7,259102614
NVDA,2025-03-24,119.88,122.22,119.34,121.41,203389019
NVDA,2025-03-25,120.545,121.29,118.92,120.69,163568441
NVDA,2025-03-26,118.73,118.84,112.71,113.76,293007342
NVDA,2025-03-27,111.35,114.45,110.66,111.43,236887555
NVDA,2025-03-28,111.485,112.87,109.0701,109.67,229872549
NVDA,2025-03-31,105.13,110.955,103.65,108.38,299132653
NVDA,2025-04-01,108.515,110.2,106.47,110.15,222527384
NVDA,2025-04-02,107.29,111.98,106.79,110.42,220483243
NVDA,2025-04-03,103.51,105.63,101.6,101.8,338692412
NVDA,2025-04-04,98.91,100.13,92.11,94.31,532052710
NVDA,2025-04-07,87.46,101.75,86.62,97.64,610884947
NVDA,2025-04-08,103.805,105.85,94.46,96.3,476243390
NVDA,2025-04-09,98.89,115.1,97.5301,114.33,612830336
NVDA,2025-04-10,109.37,110.86,99.15,107.57,437770503
NVDA,2025-04-11,108.5,111.5499,107.48,110.93,313052615
NVDA,2025-04-14,114.11,114.29,109.07,110.71,264683346
NVDA,2025-04-15,110.97,113.615,110.5,112.2,228966900
NVDA,2025-04-16,104.55,106.79,100.45,104.49,397016870
NVDA,2025-04-17,104.45,104.47,100.05,101.49,292472120
NVDA,2025-04-21,98.77,99.44,95.04,96.91,287634736
NVDA,2025-04-22,98.78,99.811,97.28,98.89,240704784
NVDA,2025-04-23,104.52,104.8,102.02,102.71,247160684
NVDA,2025-04-24,103.475,106.54,103.11,106.43,220719441
NVDA,2025-04-25,106.85,111.92,105.73,111.01,250989422
NVDA,2025-04-28,109.69,110.3699,106.02,108.73,207708479
NVDA,2025-04-29,107.67,110.1999,107.44,109.02,170434063
NVDA,2025-04-30,104.47,108.92,104.08,108.92,235044611
NVDA,2025-05-01,113.08,114.94,111.3,111.61,236099382
NVDA,2025-05-02,114.18,115.4,113.37,114.5,190083778
NVDA,2025-05-05,112.905,114.665,112.66,113.82,133078241
NVDA,2025-05-06,111.48,114.74,110.822,113.54,158525621
NVDA,2025-05-07,113.045,117.68,112.2818,117.06,207827821
NVDA,2025-05-08,118.25,118.68,115.85,117.37,198428122
NVDA,2025-05-09,117.35,118.23,115.21,116.65,132972189
NVDA,2025-05-12,121.97,123.0,120.28,123.0,225023345
NVDA,2025-05-13,124.98,131.2189,124.47,129.93,330430105
NVDA,2025-05-14,133.195,135.435,131.68,135.34,281180830
NVDA,2025-05-15,134.295,136.3,132.66,134.83,226632563
NVDA,2025-05-16,136.22,136.35,133.46,135.4,226542451
NVDA,2025-05-19,132.39,135.87,132.39,135.57,193154571
NVDA,2025-05-20,134.29,134.58,132.62,134.38,161514247
NVDA,2025-05-21,133.06,137.4,130.59,131.8,270608738
NVDA,2025-05-22,132.23,134.25,131.55,132.83,187343954
NVDA,2025-05-23,130.0,132.68,129.16,131.29,198821324
NVDA,2025-05-27,134.15,135.66,133.31,135.5,192953613
NVDA,2025-05-28,136.025,137.25,134.79,134.81,304021146
NVDA,2025-05-29,142.245,143.49,137.91,139.19,370615167
NVDA,2025-05-30,138.715,139.62,132.92,135.13,333170851
NVDA,2025-06-02,135.49,138.12,135.4,137.38,197663116
NVDA,2025-06-03,138.78,142.0,137.95,141.22,225578783
NVDA,2025-06-04,142.19,142.39,139.545,141.92,167120819
NVDA,2025-06-05,142.17,144.0,138.83,139.99,232410759
NVDA,2025-06-06,142.51,143.27,141.51,141.72,153986153
NVDA,2025-06-09,143.19,145.0,141.94,142.63,185114494
NVDA,2025-06-10,142.69,144.29,141.525,143.96,155881897
NVDA,2025-06-11,144.61,144.99,141.87,142.83,167694044
NVDA,2025-06-12,141.97,145.0,141.85,145.0,162364991
NVDA,2025-06-13,142.48,143.58,140.855,141.97,180820565
NVDA,2025-06-16,143.345,146.175,143.2001,144.69,183133666
NVDA,2025-06-17,144.49,145.22,143.78,144.12,139108000
NVDA,2025-06-18,144.005,145.65,143.12,145.48,161494121
NVDA,2025-06-20,145.45,146.2,142.65,143.85,242956157
NVDA,2025-06-23,142.5,144.78,142.03,144.17,154308941
NVDA,2025-06-24,145.56,147.96,145.5,147.9,187566121
NVDA,2025-06-25,149.27,154.45,149.26,154.31,269146471
NVDA,2025-06-26,155.975,156.715,154.0,155.02,198145746
NVDA,2025-06-27,156.04,158.71,155.255,157.75,263234539
NVDA,2025-06-30,158.4,158.66,155.96,157.99,194580316
QQQ,2023-01-03,268.65,270.155,262.13,264.48,42044125
QQQ,2023-01-04,266.64,267.45,262.53,265.74,47692111
QQQ,2023-01-05,264.04,264.21,261.26,261.58,44613044
QQQ,2023-01-06,263.35,269.94,260.34,268.8,54244039
QQQ,2023-01-09,270.83,275.29,269.92,270.54,45568676
QQQ,2023-01-10,269.49,272.94,268.97,272.83,35224888
QQQ,2023-01-11,273.92,277.66,273.12,277.55,44000036
QQQ,2023-01-12,278.12,280.1,273.74,279.05,60479953
QQQ,2023-01-13,276.5,281.219,276.16,280.97,44482936
QQQ,2023-01-17,280.77,282.85,279.581,281.54,36264738
QQQ,2023-01-18,283.11,284.69,277.67,277.88,47739549
QQQ,2023-01-19,276.22,277.375,273.89,275.15,44150436
QQQ,2023-01-20,276.79,283.02,275.71,282.68,59456406
QQQ,2023-01-23,283.54,290.21,282.73,288.96,52694905
QQQ,2023-01-24,287.31,289.55,286.78,288.37,44782566
QQQ,2023-01-25,283.77,288.36,281.18,287.73,50740022
QQQ,2023-01-26,291.22,293.52,288.519,293.34,51578585
QQQ,2023-01-27,292.0,298.26,291.88,296.26,56061439
QQQ,2023-01-30,292.93,294.38,289.89,290.27,48990333
QQQ,2023-01-31,290.31,294.72,290.2,294.62,46553106
QQQ,2023-02-01,294.41,303.43,292.3,300.92,67561373
QQQ,2023-02-02,307.57,313.68,306.73,311.72,82677628
QQQ,2023-02-03,304.94,312.39,304.54,306.18,76001004
QQQ,2023-02-06,303.51,305.91,302.22,303.59,40360448
QQQ,2023-02-07,303.46,311.03,302.32,309.88,67232681
QQQ,2023-02-08,308.54,309.5,303.67,304.37,56720860
QQQ,2023-02-09,308.84,308.99,300.2,301.68,49121118
QQQ,2023-02-10,299.48,301.57,297.25,299.7,50010104
QQQ,2023-02-13,301.13,305.1,299.93,304.5,39311470
QQQ,2023-02-14,302.89,307.72,300.91,306.75,64072457
QQQ,2023-02-15,304.9,309.27,304.2,309.1,43197298
QQQ,2023-02-16,304.38,308.43,303.15,303.3,58691130
QQQ,2023-02-17,301.07,301.93,298.1,301.16,58086629
QQQ,2023-02-21,297.26,298.73,293.89,294.03,46526708
QQQ,2023-02-22,294.62,296.3599,292.56,294.25,51381737
QQQ,2023-02-23,297.97,298.13,292.55,296.82,69195443
QQQ,2023-02-24,291.76,292.97,290.05,291.85,73810458
QQQ,2023-02-27,295.07,296.49,293.34,293.94,48444309
QQQ,2023-02-28,293.3,296.124,292.96,293.56,48173241
QQQ,2023-03-01,293.26,293.93,290.2,291.2,58189072
QQQ,2023-03-02,288.66,294.43,288.37,293.61,53718707
QQQ,2023-03-03,295.39,299.92,294.87,299.68,60216540
QQQ,2023-03-06,300.94,304.0,299.82,300.02,56584494
QQQ,2023-03-07,300.07,301.01,295.72,296.34,65925756
QQQ,2023-03-08,296.77,298.43,294.88,297.82,50838415
QQQ,2023-03-09,298.33,300.98,291.8299,292.66,71426691
QQQ,2023-03-10,292.83,294.35,287.38,288.55,98581561
QQQ,2023-03-13,286.73,294.47,285.19,290.69,97006853
QQQ,2023-03-14,294.31,297.93,293.45,297.37,73423745
QQQ,2023-03-15,294.71,299.27,293.24,298.93,83417735
QQQ,2023-03-16,298.0,307.18,297.19,306.81,98326674
QQQ,2023-03-17,306.72,309.15,303.37,305.36,89794032
QQQ,2023-03-20,304.26,306.3,302.01,305.97,56301543
QQQ,2023-03-21,307.94,310.8,306.395,310.34,49729248
QQQ,2023-03-22,310.27,315.25,305.95,306.12,75676164
QQQ,2023-03-23,309.92,314.15,307.01,309.75,74460981
QQQ,2023-03-24,309.32,310.99,306.95,310.89,57245803
QQQ,2023-03-27,311.6,312.7,307.89,308.76,50092407
QQQ,2023-03-28,308.17,308.2,304.774,307.12,48494217
QQQ,2023-03-29,310.88,313.35,310.05,312.72,53274266
QQQ,2023-03-30,315.24,316.32,312.8088,315.68,58344808
QQQ,2023-03-31,315.91,321.17,315.6,320.93,62138097
QQQ,2023-04-03,318.77,320.42,317.4201,320.15,46936839
QQQ,2023-04-04,320.6,321.63,317.8251,319.07,45690384
QQQ,2023-04-05,318.1,319.06,314.07,315.92,62795706
QQQ,2023-04-06,314.24,318.55,312.82,318.05,46916496
QQQ,2023-04-10,315.07,317.92,313.25,317.87,45076856
QQQ,2023-04-11,317.83,317.89,315.31,315.83,40081194
QQQ,2023-04-12,317.82,318.42,312.565,313.04,62703305
QQQ,2023-04-13,314.83,319.65,313.63,319.17,54239292
QQQ,2023-04-14,317.59,320.36,315.61,318.57,56257284
QQQ,2023-04-17,318.15,319.1999,316.04,318.84,42982423
QQQ,2023-04-18,320.99,321.42,317.64,318.86,46743440
QQQ,2023-04-19,316.41,319.79,316.28,318.71,38947027
QQQ,2023-04-20,315.69,319.27,314.97,316.28,62433942
QQQ,2023-04-21,315.91,317.4,314.1,316.61,57992285
QQQ,2023-04-24,316.38,317.7391,313.74,315.95,44042663
QQQ,2023-04-25,314.29,314.97,309.89,309.99,56984444
QQQ,2023-04-26,313.44,314.935,311.34,311.87,55399746
QQQ,2023-04-27,315.7,320.86,315.05,320.35,65399942
QQQ,2023-04-28,320.11,322.65,318.96,322.56,58050135
QQQ,2023-05-01,322.09,323.63,321.09,322.19,41013386
QQQ,2023-05-02,322.12,322.45,317.61,319.38,56187357
QQQ,2023-05-03,319.75,322.47,317.18,317.29,59840070
QQQ,2023-05-04,317.06,318.23,315.115,316.17,50095020
QQQ,2023-05-05,318.47,323.76,316.2116,322.89,51739298
QQQ,2023-05-08,322.42,324.04,321.315,323.69,36411796
QQQ,2023-05-09,322.0,322.88,321.32,321.64,31766800
QQQ,2023-05-10,324.12,326.01,321.6,325.14,60194223
QQQ,2023-05-11,325.7,326.75,324.12,326.2,44107548
QQQ,2023-05-12,326.74,327.17,322.94,325.03,48384836
QQQ,2023-05-15,325.51,327.03,323.96,326.79,33327559
QQQ,2023-05-16,326.06,328.9025,326.02,327.16,38522551
QQQ,2023-05-17,328.24,331.71,327.04,331.12,47140724
QQQ,2023-05-18,331.52,337.49,331.5,337.27,64142716
QQQ,2023-05-19,337.49,338.205,335.43,336.51,61460726
QQQ,2023-05-22,336.25,338.67,336.24,337.64,42796348
QQQ,2023-05-23,335.89,337.06,333.0,333.36,48166163
QQQ,2023-05-24,331.37,332.905,329.56,331.65,61646669
QQQ,2023-05-25,339.14,341.01,336.665,339.72,66810973
QQQ,2023-05-26,340.76,349.245,340.66,348.4,63006952
QQQ,2023-05-30,352.71,353.93,348.53,349.98,72236456
QQQ,2023-05-31,348.37,350.6,346.51,347.99,65030878
QQQ,2023-06-01,347.73,353.36,346.66,352.01,50420601
QQQ,2023-06-02,353.8,355.83,352.01,354.65,53249013
QQQ,2023-06-05,354.43,357.495,353.85,354.9,47186938
QQQ,2023-06-06,354.28,355.82,352.93,354.84,41390400
QQQ,2023-06-07,355.13,357.12,348.18,348.82,69191286
QQQ,2023-06-08,349.12,353.62,348.89,353.15,46937922
QQQ,2023-06-09,354.63,357.66,353.03,354.5,53184317
QQQ,2023-06-12,356.19,360.59,355.2,360.49,44708146
QQQ,2023-06-13,363.29,364.11,360.03,363.26,56978304
QQQ,2023-06-14,363.27,366.19,360.42,365.9,69202642
QQQ,2023-06-15,364.61,371.77,363.98,370.26,71066623
QQQ,2023-06-16,372.72,372.85,367.48,367.93,80826171
QQQ,2023-06-20,365.95,368.32,363.8899,366.9,49064522
QQQ,2023-06-21,365.74,366.18,360.96,361.9,53378256
QQQ,2023-06-22,360.63,366.33,360.22,366.17,47577843
QQQ,2023-06-23,362.21,364.88,360.8227,362.54,48787911
QQQ,2023-06-26,362.0,364.84,357.59,357.68,52429478
QQQ,2023-06-27,359.25,364.57,358.51,363.83,49443443
QQQ,2023-06-28,361.98,366.52,361.9038,364.54,46444381
QQQ,2023-06-29,364.24,364.89,362.14,363.81,46150967
QQQ,2023-06-30,367.55,370.49,367.23,369.42,58687301
QQQ,2023-07-03,370.07,370.93,368.97,370.29,19397112
QQQ,2023-07-05,368.695,372.01,368.66,370.28,34420383
QQQ,2023-07-06,366.51,367.91,364.52,367.46,49269728
QQQ,2023-07-07,367.23,370.48,366.01,366.24,47014874
QQQ,2023-07-10,365.96,367.05,363.41,366.36,48384050
QQQ,2023-07-11,366.79,368.632,364.62,368.17,37897346
QQQ,2023-07-12,372.34,374.19,370.3,372.82,61677696
QQQ,2023-07-13,376.05,379.99,375.46,379.15,46925087
QQQ,2023-07-14,379.585,382.86,378.18,379.07,54909500
QQQ,2023-07-17,379.8,383.5,379.31,382.61,40598915
QQQ,2023-07-18,381.96,387.13,380.0,385.74,55271538
QQQ,2023-07-19,386.82,387.98,384.3,385.65,53887408
QQQ,2023-07-20,382.61,384.095,375.72,376.76,71920374
QQQ,2023-07-21,379.18,379.92,375.191,375.63,60494143
QQQ,2023-07-24,376.62,377.58,374.34,376.23,40527829
QQQ,2023-07-25,376.95,380.47,376.93,378.78,38894384
QQQ,2023-07-26,377.72,379.24,375.18,377.52,46745210
QQQ,2023-07-27,383.07,384.71,375.31,376.62,63825525
QQQ,2023-07-28,380.74,384.52,380.22,383.48,56900126
QQQ,2023-07-31,383.79,384.88,382.34,383.68,43998405
QQQ,2023-08-01,382.31,383.56,380.69,382.79,41246957
QQQ,2023-08-02,379.26,379.26,373.13,374.39,72627107
QQQ,2023-08-03,371.94,375.95,371.77,373.79,47808781
QQQ,2023-08-04,375.75,378.1,371.53,372.04,61668279
QQQ,2023-08-07,373.88,375.29,371.51,375.19,37192444
QQQ,2023-08-08,372.64,372.66,368.82,372.0,44713253
QQQ,2023-08-09,372.29,372.45,367.14,367.91,50916400
QQQ,2023-08-10,370.97,374.36,367.035,368.59,71993015
QQQ,2023-08-11,365.99,368.0,364.69,366.24,48680337
QQQ,2023-08-14,365.43,370.47,364.7,370.35,41853302
QQQ,2023-08-15,369.36,370.169,365.74,366.42,45441891
QQQ,2023-08-16,365.87,367.43,362.44,362.54,52780225
QQQ,2023-08-17,363.96,364.31,358.16,358.58,62555988
QQQ,2023-08-18,355.26,359.41,354.71,358.13,59998052
QQQ,2023-08-21,359.62,364.59,359.15,363.9,50495518
QQQ,2023-08-22,366.55,366.56,362.68,363.38,44501809
QQQ,2023-08-23,364.58,370.22,364.36,369.11,51344103
QQQ,2023-08-24,372.64,372.74,361.01,361.22,66733671
QQQ,2023-08-25,362.07,365.74,358.58,364.02,69556465
QQQ,2023-08-28,366.99,367.71,364.25,366.76,40850019
QQQ,2023-08-29,366.56,375.13,366.231,374.77,58452371
QQQ,2023-08-30,374.88,377.4467,373.86,376.86,41539911
QQQ,2023-08-31,376.94,379.719,376.87,377.99,35678701
QQQ,2023-09-01,380.4,380.83,376.0801,377.59,39801177
QQQ,2023-09-05,376.77,379.3093,375.83,378.07,32337222
QQQ,2023-09-06,377.28,377.63,372.7,374.74,42992735
QQQ,2023-09-07,370.21,372.85,369.15,372.06,51761716
QQQ,2023-09-08,372.01,374.85,371.6,372.58,35704359
QQQ,2023-09-11,375.66,377.49,373.66,376.97,39643634
QQQ,2023-09-12,375.27,376.9517,372.5,372.79,41391024
QQQ,2023-09-13,373.03,375.84,371.88,374.21,45915677
QQQ,2023-09-14,375.99,378.27,373.89,377.27,48039388
QQQ,2023-09-15,375.91,376.32,369.86,370.81,69675706
QQQ,2023-09-18,369.32,371.79,369.03,370.66,36663545
QQQ,2023-09-19,369.32,370.6826,366.8,369.87,37619934
QQQ,2023-09-20,370.95,371.31,364.46,364.54,45511189
QQQ,2023-09-21,360.8,361.6,357.69,357.86,69701845
QQQ,2023-09-22,359.63,361.8,357.59,357.91,51589689
QQQ,2023-09-25,356.93,359.7,355.93,359.61,39015985
QQQ,2023-09-26,356.99,357.54,353.2101,354.21,53625248
QQQ,2023-09-27,355.38,356.98,351.36,355.04,56025222
QQQ,2023-09-28,354.11,360.17,353.24,358.01,56450312
QQQ,2023-09-29,361.54,362.95,357.02,358.27,64825316
QQQ,2023-10-02,358.54,362.68,357.92,361.26,51582654
QQQ,2023-10-03,358.78,361.01,353.275,354.92,60473989
QQQ,2023-10-04,355.77,360.61,355.3,359.75,54610736
QQQ,2023-10-05,359.74,360.15,355.14,358.69,45867390
QQQ,2023-10-06,355.65,365.91,354.85,364.7,75007119
QQQ,2023-10-09,362.3,367.11,360.78,366.56,45286766
QQQ,2023-10-10,366.9,371.28,366.39,368.59,46894096
QQQ,2023-10-11,369.94,371.412,368.19,371.22,38198288
QQQ,2023-10-12,371.73,373.74,367.5,369.93,49587942
QQQ,2023-10-13,370.57,371.16,363.86,365.28,52183876
QQQ,2023-10-16,366.62,370.48,366.47,369.41,44190359
QQQ,2023-10-17,365.81,369.92,363.66,368.2,50986602
QQQ,2023-10-18,365.67,367.91,362.02,363.37,54280490
QQQ,2023-10-19,364.81,366.02,359.16,359.97,71642938
QQQ,2023-10-20,359.46,360.04,354.37,354.6,72449723
QQQ,2023-10-23,353.26,359.26,351.1199,355.67,59900585
QQQ,2023-10-24,357.51,359.91,355.79,359.13,46972078
QQQ,2023-10-25,356.7,356.88,349.75,350.34,71171536
QQQ,2023-10-26,349.12,350.07,342.35,343.66,78606475
QQQ,2023-10-27,346.43,348.84,344.08,345.31,63156907
QQQ,2023-10-30,347.83,350.54,346.45,349.2,55298538
QQQ,2023-10-31,349.23,351.25,346.62,350.87,47671906
QQQ,2023-11-01,351.72,357.5298,351.62,356.96,58963666
QQQ,2023-11-02,361.54,363.68,360.3,363.44,58162442
QQQ,2023-11-03,364.75,369.02,364.52,367.71,53274557
QQQ,2023-11-06,368.49,369.78,366.91,369.21,38789443
QQQ,2023-11-07,370.27,373.58,369.045,372.7,50737398
QQQ,2023-11-08,373.08,373.79,370.62,372.94,35618773
QQQ,2023-11-09,373.64,374.8,369.57,370.07,53841421
QQQ,2023-11-10,371.82,378.54,371.28,378.39,58325539
QQQ,2023-11-13,376.79,378.28,375.24,377.21,40627005
QQQ,2023-11-14,383.71,386.26,383.18,385.33,67792634
QQQ,2023-11-15,387.25,387.75,384.235,385.62,54141385
QQQ,2023-11-16,384.84,386.19,383.56,385.95,45335444
QQQ,2023-11-17,385.21,387.07,384.29,386.04,46471745
QQQ,2023-11-20,386.05,391.41,386.05,390.74,44527169
QQQ,2023-11-21,389.01,389.23,386.7,388.47,43321989
QQQ,2023-11-22,390.57,393.07,389.04,390.06,43953798
QQQ,2023-11-24,389.65,390.25,388.5,389.51,15699834
QQQ,2023-11-27,389.01,391.1499,388.28,389.17,34089156
QQQ,2023-11-28,388.41,390.78,388.05,390.19,35485173
QQQ,2023-11-29,392.69,394.14,389.46,389.81,38724495
QQQ,2023-11-30,390.08,390.55,385.82,388.83,52834381
QQQ,2023-12-01,387.75,390.54,386.0726,389.94,40486068
QQQ,2023-12-04,386.09,386.595,382.66,386.32,51186944
QQQ,2023-12-05,384.39,388.5,384.21,387.29,42895756
QQQ,2023-12-06,390.27,390.37,384.7,385.05,41994072
QQQ,2023-12-07,388.07,391.27,386.96,390.43,49593545
QQQ,2023-12-08,388.67,392.62,388.4801,392.17,46615525
QQQ,2023-12-11,391.74,395.79,391.53,395.52,40890021
QQQ,2023-12-12,395.56,398.79,394.41,398.67,38383702
QQQ,2023-12-13,399.62,404.36,398.8399,403.74,55408129
QQQ,2023-12-14,404.98,406.3,400.34,403.39,55447808
QQQ,2023-12-15,404.18,406.5399,403.57,405.34,62871445
QQQ,2023-12-18,404.93,407.99,404.6,407.08,46499985
QQQ,2023-12-19,407.54,409.28,407.345,409.16,35708355
QQQ,2023-12-20,408.35,410.4699,402.9,403.08,54019043
QQQ,2023-12-21,407.06,408.14,404.47,407.77,45558914
QQQ,2023-12-22,409.0,409.97,406.4787,408.38,34301753
QQQ,2023-12-26,409.25,411.56,409.15,410.88,22722545
QQQ,2023-12-27,410.95,411.7875,410.08,411.5,31891481
QQQ,2023-12-28,412.67,412.92,410.94,411.3,26979280
QQQ,2023-12-29,411.28,411.64,407.58,409.52,42609620
QQQ,2024-01-02,405.84,406.09,400.24,402.59,57949446
QQQ,2024-01-03,399.93,401.0,397.89,398.33,46894931
QQQ,2024-01-04,396.44,399.59,396.06,396.28,39409341
QQQ,2024-01-05,396.45,399.56,395.34,396.75,44897460
QQQ,2024-01-08,397.99,405.24,397.8399,404.95,42463796
QQQ,2024-01-09,401.91,406.69,401.71,405.75,39073710
QQQ,2024-01-10,406.07,409.515,405.17,408.5,33948224
QQQ,2024-01-11,409.79,411.2004,404.242,409.35,54533798
QQQ,2024-01-12,410.4,411.25,408.15,409.56,39594952
QQQ,2024-01-16,408.31,411.12,406.83,409.52,43903027
QQQ,2024-01-17,406.17,407.585,402.92,407.21,54385974
QQQ,2024-01-18,410.52,413.575,409.1601,412.99,59562505
QQQ,2024-01-19,415.22,421.34,414.625,421.18,69075623
QQQ,2024-01-22,423.41,424.7275,421.12,421.73,44856189
QQQ,2024-01-23,422.43,423.7,420.57,423.48,33003206
QQQ,2024-01-24,427.44,429.85,425.33,425.83,46948016
QQQ,2024-01-25,428.36,429.04,423.98,426.35,44366155
QQQ,2024-01-26,424.44,426.21,423.15,423.81,37136892
QQQ,2024-01-29,424.27,428.35,423.61,428.15,38593724
QQQ,2024-01-30,427.1,427.68,424.38,425.3,36738956
QQQ,2024-01-31,420.85,422.8699,416.79,416.97,64010649
QQQ,2024-02-01,418.79,422.375,417.81,421.88,50957322
QQQ,2024-02-02,423.8,430.24,422.79,429.01,59532960
QQQ,2024-02-05,429.07,429.61,425.0,428.45,39799109
QQQ,2024-02-06,429.61,430.22,425.22,427.59,35846134
QQQ,2024-02-07,430.41,432.83,429.09,431.99,37700961
QQQ,2024-02-08,432.11,433.56,431.42,432.79,29871392
QQQ,2024-02-09,433.94,437.845,433.1401,437.05,36335905
QQQ,2024-02-12,436.94,439.14,434.65,435.34,33203095
QQQ,2024-02-13,427.28,431.27,425.3305,428.55,64322069
QQQ,2024-02-14,431.26,433.65,428.8799,433.22,45092722
QQQ,2024-02-15,433.92,434.98,431.33,434.51,38772204
QQQ,2024-02-16,434.89,434.99,429.85,430.57,53648475
QQQ,2024-02-20,428.55,430.08,423.5,427.32,53982952
QQQ,2024-02-21,424.55,425.7,421.63,425.61,49801697
QQQ,2024-02-22,434.49,439.12,433.71,438.07,53887751
QQQ,2024-02-23,439.65,440.59,435.79,436.78,39800861
QQQ,2024-02-26,437.6,438.6,436.355,436.55,33031338
QQQ,2024-02-27,437.67,437.99,435.025,437.6,33515220
QQQ,2024-02-28,435.43,436.67,434.3,435.27,32908121
QQQ,2024-02-29,438.23,440.09,435.02,439.0,42492152
QQQ,2024-03-01,439.9,446.58,439.84,445.61,43697529
QQQ,2024-03-04,445.61,446.04,443.77,444.02,34246687
QQQ,2024-03-05,440.94,440.95,433.65,436.05,57865235
QQQ,2024-03-06,440.32,441.99,436.89,438.79,46233260
QQQ,2024-03-07,442.42,446.72,440.86,445.45,44476666
QQQ,2024-03-08,445.81,448.64,438.34,439.02,72055857
QQQ,2024-03-11,437.51,438.66,435.44,437.39,45841092
QQQ,2024-03-12,439.73,444.02,436.46,443.66,55058659
QQQ,2024-03-13,442.65,442.67,439.12,440.25,37849591
QQQ,2024-03-14,441.5,442.03,436.39,439.14,52195208
QQQ,2024-03-15,436.07,438.8733,432.7417,433.92,71786124
QQQ,2024-03-18,438.73,441.04,437.24,437.48,47349041
QQQ,2024-03-19,435.45,438.98,433.33,438.57,42928105
QQQ,2024-03-20,439.78,444.11,438.06,443.77,43447090
QQQ,2024-03-21,448.88,449.34,445.67,445.87,39305052
QQQ,2024-03-22,445.35,447.49,444.49,446.38,27978499
QQQ,2024-03-25,443.55,446.26,442.54,444.76,27779904
QQQ,2024-03-26,446.3,447.225,443.09,443.32,34099543
QQQ,2024-03-27,446.44,446.54,441.93,444.83,41192040
QQQ,2024-03-28,444.78,445.64,443.65,444.01,36765841
QQQ,2024-04-01,444.97,447.53,443.02,444.95,38701951
QQQ,2024-04-02,440.08,441.43,438.03,441.11,44215665
QQQ,2024-04-03,438.96,444.0,438.95,442.1,39857750
QQQ,2024-04-04,446.33,446.95,435.11,435.34,57201660
QQQ,2024-04-05,436.78,443.17,435.96,440.47,54674134
QQQ,2024-04-08,441.41,442.5,439.2,440.6,28144944
QQQ,2024-04-09,442.96,443.24,437.44,442.23,39521568
QQQ,2024-04-10,437.0,439.24,436.28,438.37,61499191
QQQ,2024-04-11,440.26,446.33,437.96,445.37,45397950
QQQ,2024-04-12,441.1,442.24,436.88,438.27,53664545
QQQ,2024-04-15,442.06,442.15,430.21,431.06,62516490
QQQ,2024-04-16,430.9,433.76,429.7,431.1,47417578
QQQ,2024-04-17,433.1,433.12,424.9,425.84,56728967
QQQ,2024-04-18,426.49,428.24,422.83,423.41,46368690
QQQ,2024-04-19,422.22,422.75,413.07,414.65,74375210
QQQ,2024-04-22,417.31,421.18,413.94,418.82,47765382
QQQ,2024-04-23,420.77,426.28,418.8715,425.07,44137684
QQQ,2024-04-24,428.2,429.73,424.2,426.51,48031774
QQQ,2024-04-25,419.24,425.32,418.14,424.45,57343601
QQQ,2024-04-26,427.62,432.55,426.92,431.0,41697296
QQQ,2024-04-29,433.13,433.76,429.98,432.75,29948385
QQQ,2024-04-30,431.15,432.56,424.51,424.59,43287168
QQQ,2024-05-01,423.15,430.14,420.66,421.52,52236446
QQQ,2024-05-02,425.3,427.81,420.63,426.9,36526393
QQQ,2024-05-03,434.44,436.48,432.62,435.48,48397185
QQQ,2024-05-06,437.3,440.34,436.52,440.25,30217189
QQQ,2024-05-07,440.7,441.97,439.58,440.32,29182599
QQQ,2024-05-08,437.67,441.48,437.55,440.06,24889559
QQQ,2024-05-09,440.33,441.6,438.46,441.02,24550399
QQQ,2024-05-10,442.54,444.31,440.499,442.06,27112200
QQQ,2024-05-13,443.99,444.09,441.65,443.08,22875946
QQQ,2024-05-14,442.65,446.465,442.46,445.93,34334012
QQQ,2024-05-15,448.43,453.15,446.9,452.9,41454774
QQQ,2024-05-16,452.71,454.69,451.81,451.98,34731000
QQQ,2024-05-17,452.11,452.72,449.5399,451.76,35740090
QQQ,2024-05-20,451.98,455.58,451.785,454.91,24292383
QQQ,2024-05-21,453.04,455.99,452.84,455.8,23123942
QQQ,2024-05-22,456.06,456.82,453.08,455.71,25044471
QQQ,2024-05-23,460.55,460.58,451.8503,453.66,40854152
QQQ,2024-05-24,455.29,459.23,453.5674,457.95,29512893
QQQ,2024-05-28,459.18,459.74,456.69,459.68,26180693
QQQ,2024-05-29,455.48,458.24,455.34,456.44,29611114
QQQ,2024-05-30,455.5,455.64,450.21,451.55,30626332
QQQ,2024-05-31,451.78,452.48,443.055,450.71,55681431
QQQ,2024-06-03,454.57,455.58,447.9,453.13,32774397
QQQ,2024-06-04,452.87,455.575,451.1311,454.37,23641655
QQQ,2024-06-05,457.98,463.61,454.408,463.53,33758486
QQQ,2024-06-06,464.22,464.54,462.19,463.37,21592292
QQQ,2024-06-07,463.0,465.74,461.84,462.96,25781033
QQQ,2024-06-10,461.82,465.19,461.53,464.83,20696472
QQQ,2024-06-11,463.54,468.14,462.03,468.02,22018262
QQQ,2024-06-12,471.99,476.5,471.29,474.15,34531590
QQQ,2024-06-13,477.72,478.39,474.42,476.72,25846256
QQQ,2024-06-14,476.52,479.26,476.05,479.19,23329487
QQQ,2024-06-17,479.46,486.86,478.14,485.06,36573741
QQQ,2024-06-18,485.01,485.9,483.43,485.21,24388531
QQQ,2024-06-20,486.42,486.8387,479.62,481.47,33704681
QQQ,2024-06-21,481.19,482.535,478.67,480.18,39304318
QQQ,2024-06-24,478.18,479.93,473.82,473.96,37505312
QQQ,2024-06-25,476.07,479.68,475.12,479.38,28258833
QQQ,2024-06-26,478.55,480.92,478.13,480.37,22642049
QQQ,2024-06-27,480.12,483.1,479.3,481.61,26197197
QQQ,2024-06-28,482.41,487.2,478.46,479.11,34768130
QQQ,2024-07-01,480.04,482.49,476.255,481.92,24895559
QQQ,2024-07-02,480.41,487.04,480.28,486.98,26677977
QQQ,2024-07-03,486.22,491.17,486.22,491.04,18019256
QQQ,2024-07-05,491.89,496.6,491.59,496.16,28399344
QQQ,2024-07-08,496.53,497.895,495.5,497.34,21878353
QQQ,2024-07-09,498.87,500.0,496.24,497.77,25671126
QQQ,2024-07-10,499.71,503.52,498.39,502.96,27968936
QQQ,2024-07-11,503.07,503.28,490.725,491.93,49784380
QQQ,2024-07-12,492.51,499.62,492.04,494.82,37067726
QQQ,2024-07-15,496.61,501.01,494.09,496.15,31062824
QQQ,2024-07-16,497.62,498.44,493.15,496.34,25901990
QQQ,2024-07-17,488.28,488.7984,481.7,481.77,56195002
QQQ,2024-07-18,485.53,485.71,476.27,479.49,49097997
QQQ,2024-07-19,479.15,481.69,473.94,475.24,41731665
QQQ,2024-07-22,481.16,483.35,477.7068,482.32,40169950
QQQ,2024-07-23,481.41,484.43,480.14,480.62,23280134
QQQ,2024-07-24,473.82,474.19,462.51,463.38,58746577
QQQ,2024-07-25,463.72,467.94,455.63,458.27,59156365
QQQ,2024-07-26,462.65,465.93,459.77,462.97,39917257
QQQ,2024-07-29,465.71,467.91,461.615,463.9,28201021
QQQ,2024-07-30,465.85,466.561,454.15,457.53,41183695
QQQ,2024-07-31,467.87,472.79,466.41,471.07,44457606
QQQ,2024-08-01,471.76,475.55,455.98,459.66,56563738
QQQ,2024-08-02,450.89,453.57,444.47,448.75,65547781
QQQ,2024-08-05,424.71,442.29,423.45,435.37,87015573
QQQ,2024-08-06,437.23,447.07,434.56,439.53,62486466
QQQ,2024-08-07,446.49,449.0,434.37,434.77,54556027
QQQ,2024-08-08,441.06,448.99,437.15,448.07,47308360
QQQ,2024-08-09,446.74,452.06,445.61,450.41,33375614
QQQ,2024-08-12,451.39,454.37,448.5546,451.38,27591010
QQQ,2024-08-13,455.82,462.85,455.68,462.58,38879836
QQQ,2024-08-14,463.51,465.1093,458.4,462.73,34635756
QQQ,2024-08-15,468.76,474.82,468.38,474.42,38227521
QQQ,2024-08-16,472.62,476.41,471.65,475.03,38349802
QQQ,2024-08-19,475.17,481.31,473.37,481.27,23562762
QQQ,2024-08-20,480.35,482.94,478.55,480.26,29057388
QQQ,2024-08-21,481.05,484.37,479.32,482.5,25578102
QQQ,2024-08-22,484.84,485.54,473.81,474.85,37601891
QQQ,2024-08-23,479.24,482.74,475.28,480.0,36046579
QQQ,2024-08-26,479.45,480.38,473.24,475.34,27257507
QQQ,2024-08-27,473.69,477.84,471.71,476.76,27308097
QQQ,2024-08-28,476.29,477.02,467.89,471.35,36557562
QQQ,2024-08-29,473.28,477.93,469.372,470.66,40648093
QQQ,2024-08-30,475.04,476.9,470.51,476.27,32660480
QQQ,2024-09-03,473.2,473.33,459.4101,461.81,44948726
QQQ,2024-09-04,458.67,464.45,457.73,460.61,32416627
QQQ,2024-09-05,458.97,465.36,457.939,461.04,34350808
QQQ,2024-09-06,460.33,461.22,448.19,448.69,50595827
QQQ,2024-09-09,453.06,455.46,449.8234,454.46,32873737
QQQ,2024-09-10,456.24,459.17,452.23,458.66,29629983
QQQ,2024-09-11,459.91,469.37,451.28,468.62,57519716
QQQ,2024-09-12,468.65,474.04,466.8491,473.22,39683586
QQQ,2024-09-13,472.48,476.53,472.25,475.34,28864644
QQQ,2024-09-16,473.19,473.8599,469.89,473.24,22207797
QQQ,2024-09-17,476.29,477.6,470.97,473.49,29828362
QQQ,2024-09-18,474.7,478.83,470.83,471.44,38943537
QQQ,2024-09-19,482.61,486.23,480.49,483.36,51567661
QQQ,2024-09-20,482.49,483.69,478.3,482.44,34287374
QQQ,2024-09-23,482.95,484.14,481.6,483.04,22797334
QQQ,2024-09-24,484.46,486.33,480.17,485.37,25768536
QQQ,2024-09-25,484.74,487.79,484.56,485.82,26510339
QQQ,2024-09-26,493.37,493.7,485.8,489.47,32285178
QQQ,2024-09-27,490.5,490.64,485.56,486.75,22700938
QQQ,2024-09-30,485.78,488.41,482.92,488.07,30243031
QQQ,2024-10-01,487.7,488.0,477.4,481.27,42373146
QQQ,2024-10-02,480.36,483.88,477.72,481.95,23586518
QQQ,2024-10-03,479.74,484.545,478.99,481.59,24999100
QQQ,2024-10-04,487.45,487.88,482.385,487.32,30415770
QQQ,2024-10-07,485.39,486.57,480.87,482.1,24645067
QQQ,2024-10-08,484.66,489.99,483.845,489.3,27971304
QQQ,2024-10-09,489.0,493.73,487.95,493.15,24723490
QQQ,2024-10-10,490.85,494.47,489.53,492.59,25499520
QQQ,2024-10-11,490.74,494.39,490.17,493.36,20074935
QQQ,2024-10-14,495.77,498.83,495.26,497.5,25489097
QQQ,2024-10-15,497.83,498.5,488.68,490.85,34582297
QQQ,2024-10-16,491.18,491.69,487.57,490.91,22454682
QQQ,2024-10-17,496.44,496.49,491.1901,491.25,26934893
QQQ,2024-10-18,494.06,495.57,493.3,494.47,24611252
QQQ,2024-10-21,493.25,496.23,491.31,495.42,30285700
QQQ,2024-10-22,492.73,497.445,491.97,495.96,26433441
QQQ,2024-10-23,493.59,494.25,485.05,488.36,38844407
QQQ,2024-10-24,492.11,493.0,489.44,492.32,21658911
QQQ,2024-10-25,495.14,500.28,494.43,495.32,38277784
QQQ,2024-10-28,498.46,498.52,495.1,495.4,20398178
QQQ,2024-10-29,495.72,501.35,493.85,500.16,27565265
QQQ,2024-10-30,499.39,500.35,495.89,496.38,29531684
QQQ,2024-10-31,492.38,492.43,483.75,483.85,40781918
QQQ,2024-11-01,485.5,490.7507,485.2,487.43,33452163
QQQ,2024-11-04,486.82,489.38,484.2545,486.01,23054571
QQQ,2024-11-05,487.61,492.88,487.52,492.21,23589213
QQQ,2024-11-06,500.56,506.41,499.6,505.58,42085352
QQQ,2024-11-07,508.4,514.33,508.34,513.54,32354116
QQQ,2024-11-08,513.035,514.9175,512.41,514.14,22705241
QQQ,2024-11-11,515.37,515.58,510.92,513.84,24094703
QQQ,2024-11-12,513.77,514.66,509.83,512.91,25608893
QQQ,2024-11-13,512.4,514.98,509.95,512.25,24273717
QQQ,2024-11-14,511.91,512.79,507.77,508.69,28544614
QQQ,2024-11-15,502.94,503.33,494.49,496.57,51168282
QQQ,2024-11-18,498.13,502.14,496.73,500.02,27184354
QQQ,2024-11-19,497.42,503.9536,497.08,503.46,24303928
QQQ,2024-11-20,503.16,503.48,496.555,503.17,29343827
QQQ,2024-11-21,506.24,506.96,497.56,504.98,34388409
QQQ,2024-11-22,504.42,506.53,502.78,505.79,23370119
QQQ,2024-11-25,509.9,511.4525,504.2625,506.59,26166808
QQQ,2024-11-26,508.08,510.14,507.23,509.31,26137648
QQQ,2024-11-27,508.17,508.24,501.93,505.3,24432859
QQQ,2024-11-29,505.93,510.34,505.31,509.74,15238198
QQQ,2024-12-02,511.01,516.26,510.62,515.29,24885389
QQQ,2024-12-03,513.95,517.15,513.37,516.87,17137266
QQQ,2024-12-04,520.32,523.52,519.6,523.26,25653285
QQQ,2024-12-05,523.31,524.0399,521.42,521.81,18076138
QQQ,2024-12-06,522.48,526.72,522.35,526.48,23578309
QQQ,2024-12-09,525.55,526.35,521.22,522.38,20557906
QQQ,2024-12-10,523.62,525.38,519.16,520.6,23869489
QQQ,2024-12-11,525.0,530.61,524.59,529.92,31596269
QQQ,2024-12-12,527.68,528.96,526.02,526.5,23016192
QQQ,2024-12-13,530.46,533.1661,527.3001,530.53,28403388
QQQ,2024-12-16,533.08,539.15,533.0,538.17,31350389
QQQ,2024-12-17,536.36,537.48,534.13,535.8,27912522
QQQ,2024-12-18,535.15,536.8799,515.01,516.47,54157357
QQQ,2024-12-19,521.19,521.7599,513.83,514.17,45769126
QQQ,2024-12-20,510.44,524.82,509.29,518.66,60536117
QQQ,2024-12-23,519.55,523.25,516.13,522.87,27994796
QQQ,2024-12-24,524.83,530.05,524.19,529.96,17538742
QQQ,2024-12-26,528.32,531.24,526.31,529.6,18576205
QQQ,2024-12-27,526.01,526.45,517.86,522.56,33699802
QQQ,2024-12-30,515.51,519.36,511.83,515.61,34360066
QQQ,2024-12-31,516.9,517.66,510.26,511.23,29082380
QQQ,2025-01-02,514.3,516.64,505.71,510.23,35985301
QQQ,2025-01-03,513.35,519.6454,512.53,518.58,28698683
QQQ,2025-01-06,524.02,527.92,522.03,524.54,35262800
QQQ,2025-01-07,525.59,525.99,513.28,515.18,36240095
QQQ,2025-01-08,515.08,516.9199,510.57,515.27,30215800
QQQ,2025-01-10,511.48,511.58,503.92,507.19,40263499
QQQ,2025-01-13,501.2,506.02,499.7,505.56,30804743
QQQ,2025-01-14,508.74,510.155,501.59,505.08,33263124
QQQ,2025-01-15,513.03,517.85,511.46,516.7,34840194
QQQ,2025-01-16,518.98,519.0599,512.95,513.08,28027123
QQQ,2025-01-17,522.85,524.0733,513.1086,521.74,51099093
QQQ,2025-01-21,524.48,525.97,520.06,524.8,23381640
QQQ,2025-01-22,529.57,533.82,529.26,531.51,33364764
QQQ,2025-01-23,529.04,532.76,528.45,532.64,22934205
QQQ,2025-01-24,533.02,533.79,528.15,529.63,19351869
QQQ,2025-01-27,511.0,517.99,510.15,514.21,59842414
QQQ,2025-01-28,515.22,523.0,511.78,521.81,32110680
QQQ,2025-01-29,522.46,522.59,516.8988,520.83,26575107
QQQ,2025-01-30,523.71,526.095,518.21,523.05,27186262
QQQ,2025-01-31,526.92,531.5178,521.19,522.29,38680659
QQQ,2025-02-03,513.47,520.8496,511.05,518.11,40006423
QQQ,2025-02-04,518.63,525.11,518.23,524.47,25884075
QQQ,2025-02-05,521.82,527.01,520.62,526.85,21059148
QQQ,2025-02-06,527.36,529.81,525.7413,529.6,19221856
QQQ,2025-02-07,530.14,532.1,522.19,522.92,29285477
QQQ,2025-02-10,527.22,530.3571,526.75,529.25,20402626
QQQ,2025-02-11,525.96,529.92,525.83,527.99,19258145
QQQ,2025-02-12,522.3,529.19,521.95,528.3,24893960
QQQ,2025-02-13,529.98,536.22,529.19,535.9,28266124
QQQ,2025-02-14,536.005,538.84,535.67,538.15,17327085
QQQ,2025-02-18,539.73,540.0,536.04,539.37,20428280
QQQ,2025-02-19,538.57,540.81,536.46,539.52,19468981
QQQ,2025-02-20,538.73,539.1,532.46,537.23,26526047
QQQ,2025-02-21,538.38,538.4,525.71,526.08,46366116
QQQ,2025-02-24,527.88,529.069,519.53,519.87,39027336
QQQ,2025-02-25,519.24,519.32,509.44,513.32,48567027
QQQ,2025-02-26,515.53,519.66,511.37,514.56,33816140
QQQ,2025-02-27,518.13,519.0699,500.05,500.27,52202635
QQQ,2025-02-28,500.13,508.78,496.93,508.17,47474251
QQQ,2025-03-03,511.52,513.04,493.58,497.05,44011570
QQQ,2025-03-04,494.18,503.74,487.735,495.55,66664387
QQQ,2025-03-05,496.2,503.63,491.26,502.01,45857627
QQQ,2025-03-06,493.69,498.58,486.2,488.2,57450297
QQQ,2025-03-07,487.16,493.28,480.53,491.79,54625809
QQQ,2025-03-10,483.45,483.97,468.66,472.73,75302815
QQQ,2025-03-11,472.35,478.805,467.01,471.6,68296965
QQQ,2025-03-12,479.16,481.06,471.79,476.92,46601308
QQQ,2025-03-13,476.25,476.2801,466.43,468.34,46173628
QQQ,2025-03-14,473.73,480.56,473.12,479.66,42980681
QQQ,2025-03-17,479.61,485.84,477.8,482.77,41475349
QQQ,2025-03-18,479.41,479.61,472.41,474.54,38724546
QQQ,2025-03-19,476.81,485.33,474.87,480.89,40318555
QQQ,2025-03-20,476.88,484.55,476.18,479.26,36645396
QQQ,2025-03-21,474.08,481.61,472.905,480.84,41994021
QQQ,2025-03-24,487.74,491.51,487.12,490.66,33983188
QQQ,2025-03-25,491.39,493.62,490.42,493.46,25124447
QQQ,2025-03-26,492.3,493.16,482.82,484.38,34483706
QQQ,2025-03-27,482.41,486.5799,480.25,481.62,33426767
QQQ,2025-03-28,479.81,480.52,468.05,468.94,46220997
QQQ,2025-03-31,461.92,469.86,457.33,468.92,52974803
QQQ,2025-04-01,467.3,473.63,464.42,472.7,41156226
QQQ,2025-04-02,466.12,479.56,465.86,476.15,49888489
QQQ,2025-04-03,456.44,460.07,450.14,450.66,70429088
QQQ,2025-04-04,438.14,440.37,422.67,422.67,116954541
QQQ,2025-04-07,408.66,443.14,402.39,423.69,161163420
QQQ,2025-04-08,438.16,443.1384,409.79,416.06,101092460
QQQ,2025-04-09,415.57,467.83,415.43,466.0,142752078
QQQ,2025-04-10,453.56,455.59,432.63,446.18,104859092
QQQ,2025-04-11,444.65,455.79,441.33,454.4,52312529
QQQ,2025-04-14,464.46,465.05,452.63,457.48,43941179
QQQ,2025-04-15,458.54,462.38,456.15,457.99,35344810
QQQ,2025-04-16,449.03,452.62,437.76,444.18,48946652
QQQ,2025-04-17,447.17,447.75,441.36,444.1,44818947
QQQ,2025-04-21,438.23,439.08,427.93,433.11,44055313
QQQ,2025-04-22,438.82,447.58,437.62,444.48,52249288
QQQ,2025-04-23,458.17,463.38,452.88,454.56,55038188
QQQ,2025-04-24,456.48,467.66,455.83,467.35,45638636
QQQ,2025-04-25,466.97,473.09,465.39,472.56,38665413
QQQ,2025-04-28,473.03,474.808,466.03,472.41,33510678
QQQ,2025-04-29,470.17,476.4243,469.59,475.53,30613120
QQQ,2025-04-30,467.13,477.2,462.43,475.47,46520810
QQQ,2025-05-01,483.41,487.18,480.74,481.68,43293539
QQQ,2025-05-02,486.54,490.91,484.83,488.83,39183282
QQQ,2025-05-05,484.6,489.03,484.1,485.93,28267150
QQQ,2025-05-06,479.56,485.05,478.19,481.41,32786310
QQQ,2025-05-07,482.08,485.8,476.782,483.3,38109864
QQQ,2025-05-08,488.53,492.7,484.17,488.29,39577592
QQQ,2025-05-09,490.21,491.54,486.195,487.97,27767416
QQQ,2025-05-12,506.99,507.89,501.48,507.85,45090616
QQQ,2025-05-13,509.16,517.39,508.42,515.59,53269573
QQQ,2025-05-14,516.77,519.2279,515.75,518.68,47014516
QQQ,2025-05-15,516.52,521.93,515.17,519.25,50153275
QQQ,2025-05-16,520.66,521.7,517.1,521.51,48394603
QQQ,2025-05-19,514.24,522.53,514.24,522.01,52536154
QQQ,2025-05-20,519.47,520.93,516.66,520.27,42517561
QQQ,2025-05-21,516.27,523.0,511.24,513.04,71292831
QQQ,2025-05-22,513.66,517.71,512.3,514.0,55607169
QQQ,2025-05-23,506.18,511.84,505.58,509.24,58368075
QQQ,2025-05-27,516.15,521.71,514.59,521.22,47226323
QQQ,2025-05-28,522.18,523.68,518.39,518.91,46637175
QQQ,2025-05-29,526.33,526.48,517.32,519.93,58724069
QQQ,2025-05-30,519.44,520.68,511.93,519.11,67662836
QQQ,2025-06-02,517.24,523.45,515.97,523.21,44762817
QQQ,2025-06-03,523.56,528.74,522.69,527.3,44070330
QQQ,2025-06-04,528.01,529.84,525.9694,528.77,41359322
QQQ,2025-06-05,530.18,533.05,522.66,524.79,61286623
QQQ,2025-06-06,530.0,531.8,528.21,529.92,42467021
QQQ,2025-06-09,530.14,532.35,529.01,530.7,33688671
QQQ,2025-06-10,531.17,534.9,528.89,534.21,40664795
QQQ,2025-06-11,535.62,536.78,530.11,532.41,53701033
QQQ,2025-06-12,531.09,534.6438,530.84,533.66,34104887
QQQ,2025-06-13,527.68,531.87,525.73,526.96,55814443
QQQ,2025-06-16,530.5,535.37,530.45,534.29,37622051
QQQ,2025-06-17,531.71,533.325,527.91,529.08,42180866
QQQ,2025-06-18,530.1,532.55,527.4,528.99,43983522
QQQ,2025-06-20,532.26,533.56,524.88,526.83,61643519
QQQ,2025-06-23,526.81,532.17,523.65,531.65,50666146
QQQ,2025-06-24,536.89,540.7,536.27,539.78,45441982
QQQ,2025-06-25,542.06,543.31,539.38,541.16,44804168
QQQ,2025-06-26,543.35,546.67,541.52,546.22,43811432
QQQ,2025-06-27,547.26,549.99,544.545,548.09,57577147
QQQ,2025-06-30,551.26,552.8,549.01,551.64,45548742
SMCI,2023-01-03,83.08,85.25,81.94,83.86,815179
SMCI,2023-01-04,84.61,87.74,82.06,82.25,1449568
SMCI,2023-01-05,81.52,81.56,79.63,80.25,1097826
SMCI,2023-01-06,81.45,85.12,80.53,84.39,1033050
SMCI,2023-01-09,85.95,92.8,84.66,84.77,2621575
SMCI,2023-01-10,81.0,81.5,75.115,78.37,4158299
SMCI,2023-01-11,78.31,78.7,74.0401,75.61,2121399
SMCI,2023-01-12,76.45,80.82,75.66,80.45,1073338
SMCI,2023-01-13,79.61,82.1455,79.55,80.58,667993
SMCI,2023-01-17,80.55,84.9099,80.2,84.83,1169808
SMCI,2023-01-18,85.99,86.82,78.64,78.87,1537605
SMCI,2023-01-19,76.49,76.75,69.02,70.86,4910270
SMCI,2023-01-20,71.5,72.92,70.86,71.98,1398970
SMCI,2023-01-23,72.96,74.92,71.51,73.75,1182262
SMCI,2023-01-24,73.21,78.47,72.3749,78.25,1275859
SMCI,2023-01-25,77.18,78.07,74.6,77.31,1044592
SMCI,2023-01-26,79.4,79.74,76.01,76.27,719858
SMCI,2023-01-27,75.74,76.38,73.92,74.3,904998
SMCI,2023-01-30,73.07,75.065,71.63,72.13,1148257
SMCI,2023-01-31,72.55,73.9255,72.05,72.33,1571562
SMCI,2023-02-01,72.0,80.77,70.11,79.74,3203281
SMCI,2023-02-02,80.27,84.54,79.82,81.88,1518006
SMCI,2023-02-03,81.0,85.85,80.68,84.34,1401063
SMCI,2023-02-06,83.5,84.3999,81.8,83.21,877843
SMCI,2023-02-07,83.16,84.78,80.0,81.98,876341
SMCI,2023-02-08,82.68,87.49,82.33,85.22,1757971
SMCI,2023-02-09,86.9,93.88,86.55,87.0,2465694
SMCI,2023-02-10,86.0,90.92,85.77,90.02,1397942
SMCI,2023-02-13,89.45,91.55,87.602,90.53,1081029
SMCI,2023-02-14,89.83,94.83,89.04,92.88,1517265
SMCI,2023-02-15,93.02,93.84,91.69,93.0,1052292
SMCI,2023-02-16,92.68,97.96,92.065,95.88,1698017
SMCI,2023-02-17,95.08,95.72,90.66,91.98,1386917
SMCI,2023-02-21,90.5,93.231,87.91,88.06,1120128
SMCI,2023-02-22,87.59,88.72,85.61,86.71,871222
SMCI,2023-02-23,89.328,94.95,89.3,94.27,1832800
SMCI,2023-02-24,92.48,98.36,91.9637,98.16,1945117
SMCI,2023-02-27,98.86,103.98,98.7,101.13,1891141
SMCI,2023-02-28,100.915,103.0,97.86,97.97,1741596
SMCI,2023-03-01,99.16,103.055,98.62,102.0,1078651
SMCI,2023-03-02,100.06,100.93,95.0968,98.37,1319881
SMCI,2023-03-03,98.48,100.0,95.52,97.83,996956
SMCI,2023-03-06,98.85,99.9799,96.87,98.3,826630
SMCI,2023-03-07,98.55,100.75,97.02,98.51,966455
SMCI,2023-03-08,98.75,103.6599,98.1208,102.35,1461045
SMCI,2023-03-09,102.5,104.3,98.16,98.56,1165061
SMCI,2023-03-10,98.01,98.01,92.09,92.76,1733337
SMCI,2023-03-13,91.0,92.3655,88.5601,89.28,1282563
SMCI,2023-03-14,91.84,94.6,91.2701,92.47,1067295
SMCI,2023-03-15,89.36,91.82,87.25,91.75,1243328
SMCI,2023-03-16,90.06,97.27,90.06,97.23,1545390
SMCI,2023-03-17,96.85,98.04,94.07,95.5,1825582
SMCI,2023-03-20,95.49,100.21,95.41,98.52,1540854
SMCI,2023-03-21,99.99,108.35,99.99,108.25,2035195
SMCI,2023-03-22,108.85,116.27,108.37,112.54,2449893
SMCI,2023-03-23,114.0,118.36,111.75,114.0,2061981
SMCI,2023-03-24,112.82,113.07,106.14,110.83,1831960
SMCI,2023-03-27,111.95,113.6,109.89,110.9,1768893
SMCI,2023-03-28,110.41,111.05,101.435,102.78,2076072
SMCI,2023-03-29,104.55,105.88,102.52,105.65,1382646
SMCI,2023-03-30,107.32,107.32,101.3135,103.34,1285652
SMCI,2023-03-31,103.56,107.751,103.195,106.55,1256028
SMCI,2023-04-03,106.57,112.8,106.55,112.72,1858735
SMCI,2023-04-04,113.84,117.0711,108.59,109.46,1740714
SMCI,2023-04-05,108.31,110.2,106.21,108.03,839393
SMCI,2023-04-06,99.84,104.35,97.0201,100.69,3395917
SMCI,2023-04-10,100.0,106.88,99.24,106.55,1319796
SMCI,2023-04-11,107.37,108.7899,104.55,104.68,1020955
SMCI,2023-04-12,105.87,110.54,105.6,108.11,1495407
SMCI,2023-04-13,108.13,108.59,103.81,108.24,1229816
SMCI,2023-04-14,108.24,109.745,107.7,109.15,947036
SMCI,2023-04-17,109.15,110.62,107.28,110.43,795102
SMCI,2023-04-18,112.0,119.2376,112.0,115.88,1525078
SMCI,2023-04-19,113.5,116.59,109.58,109.82,1536067
SMCI,2023-04-20,108.16,111.96,107.02,108.01,1103965
SMCI,2023-04-21,106.99,108.07,102.3279,107.32,1098700
SMCI,2023-04-24,97.51,103.37,96.91,98.59,4235080
SMCI,2023-04-25,97.99,97.99,93.19,93.28,2171066
SMCI,2023-04-26,94.64,96.18,94.01,94.89,1504274
SMCI,2023-04-27,94.22,98.76,93.34,98.58,1000646
SMCI,2023-04-28,98.45,105.5,98.02,105.43,1503695
SMCI,2023-05-01,105.44,107.96,103.12,105.11,1584743
SMCI,2023-05-02,105.2,107.801,101.71,104.43,2040892
SMCI,2023-05-03,116.0,136.64,114.32,133.95,8162842
SMCI,2023-05-04,132.82,139.5,131.23,136.4,2122826
SMCI,2023-05-05,138.2,143.53,135.03,137.23,2365928
SMCI,2023-05-08,135.95,139.23,134.39,136.63,1487666
SMCI,2023-05-09,136.79,137.4999,132.09,132.25,1463649
SMCI,2023-05-10,132.45,135.58,131.06,134.28,1019209
SMCI,2023-05-11,133.42,137.47,133.0001,136.43,1092699
SMCI,2023-05-12,138.81,139.88,132.6903,134.5,792909
SMCI,2023-05-15,136.0,139.3375,135.55,137.84,1001890
SMCI,2023-05-16,137.83,147.5,137.6,145.84,2289798
SMCI,2023-05-17,147.0,156.0,147.0,154.31,2751332
SMCI,2023-05-18,155.45,166.55,155.45,164.56,3278701
SMCI,2023-05-19,167.41,171.67,160.24,164.19,2776445
SMCI,2023-05-22,164.2,169.41,162.55,164.81,1753740
SMCI,2023-05-23,162.91,165.66,159.58,161.91,1437546
SMCI,2023-05-24,159.63,167.92,158.26,167.62,1551181
SMCI,2023-05-25,196.005,213.405,192.5001,206.86,7137200
SMCI,2023-05-26,209.95,227.71,207.01,219.18,4985788
SMCI,2023-05-30,228.9901,241.73,227.96,235.99,377857
SMCI,2023-05-31,226.34,227.5639,216.0,223.95,4370442
SMCI,2023-06-01,226.63,232.49,220.2448,231.02,2924997
SMCI,2023-06-02,234.485,237.88,220.2,221.94,2731214
SMCI,2023-06-05,219.14,227.68,217.02,223.66,1923141
SMCI,2023-06-06,221.0,235.74,220.12,233.15,2071512
SMCI,2023-06-07,244.03,261.6499,237.0,239.78,4494762
SMCI,2023-06-08,240.63,259.69,237.12,254.35,3530331
SMCI,2023-06-09,263.0,270.18,256.88,261.66,3511276
SMCI,2023-06-12,264.7,266.44,245.34,258.65,3471158
SMCI,2023-06-13,260.85,261.0,232.1101,244.24,4520485
SMCI,2023-06-14,243.17,253.0,239.1401,247.77,2645576
SMCI,2023-06-15,244.46,248.99,239.2,243.92,2198242
SMCI,2023-06-16,245.0,245.78,230.37,230.77,3034647
SMCI,2023-06-20,227.3,235.7096,219.33,222.4,3366546
SMCI,2023-06-21,221.0,227.0,217.2,219.91,2603561
SMCI,2023-06-22,221.99,241.9699,221.14,226.46,3938637
SMCI,2023-06-23,222.34,224.49,214.23,216.06,2513226
SMCI,2023-06-26,219.71,229.99,213.08,216.5,2840615
SMCI,2023-06-27,222.41,228.34,218.51,226.17,2432466
SMCI,2023-06-28,223.27,238.1599,220.285,235.94,2666737
SMCI,2023-06-29,240.8,248.82,231.35,235.93,2726553
SMCI,2023-06-30,240.0,253.96,239.88,249.25,2552965
SMCI,2023-07-03,254.89,262.99,246.71,249.2,1710932
SMCI,2023-07-05,248.0,263.38,247.95,255.0,2061574
SMCI,2023-07-06,252.99,256.0,245.1001,250.53,1759580
SMCI,2023-07-07,255.0,267.77,254.5476,260.01,2871218
SMCI,2023-07-10,262.0,270.2,253.31,269.93,2511202
SMCI,2023-07-11,275.17,282.9,262.54,270.95,2932737
SMCI,2023-07-12,273.05,278.0,265.2123,276.64,2774204
SMCI,2023-07-13,280.26,295.39,279.21,294.05,3065074
SMCI,2023-07-14,298.0,306.85,288.44,295.38,3756939
SMCI,2023-07-17,299.1,305.11,292.19,302.05,2552154
SMCI,2023-07-18,302.5,319.3692,296.15,318.4,2664700
SMCI,2023-07-19,324.0,329.07,296.4,303.67,4401737
SMCI,2023-07-20,298.74,307.97,281.34,302.95,4929656
SMCI,2023-07-21,309.0,315.16,296.01,303.15,4018506
SMCI,2023-07-24,303.5,312.76,294.73,309.37,2905989
SMCI,2023-07-25,309.16,323.99,309.16,321.35,2351267
SMCI,2023-07-26,319.53,323.63,307.19,317.36,2356039
SMCI,2023-07-27,325.0,336.64,321.01,327.34,3228211
SMCI,2023-07-28,334.49,337.79,324.84,334.5,2046186
SMCI,2023-07-31,335.15,336.3,321.02,330.27,2356512
SMCI,2023-08-01,322.49,337.88,320.0,337.56,2070528
SMCI,2023-08-02,328.66,337.75,312.02,319.61,2782624
SMCI,2023-08-03,314.0,324.3699,313.0,321.21,1493017
SMCI,2023-08-04,324.0,347.97,320.22,338.09,3471533
SMCI,2023-08-07,352.0,356.9999,340.83,353.29,3278569
SMCI,2023-08-08,344.8,353.7746,341.03,347.4,4549788
SMCI,2023-08-09,297.14,298.03,260.25,266.13,11456716
SMCI,2023-08-10,265.42,279.79,262.3,277.12,5663001
SMCI,2023-08-11,269.28,272.0,250.5,254.43,5817493
SMCI,2023-08-14,250.38,272.59,248.4,269.46,4994950
SMCI,2023-08-15,267.37,271.99,259.23,264.22,2320087
SMCI,2023-08-16,263.41,263.85,251.86,253.73,2494521
SMCI,2023-08-17,255.0,255.94,242.53,244.06,2504086
SMCI,2023-08-18,236.0,247.02,235.147,243.55,2739366
SMCI,2023-08-21,244.5,255.7199,242.25,252.64,2674229
SMCI,2023-08-22,257.04,263.77,254.01,258.09,2766507
SMCI,2023-08-23,260.29,284.57,259.25,277.61,4460116
SMCI,2023-08-24,298.035,298.35,256.5017,262.5,5783627
SMCI,2023-08-25,261.0,263.9399,243.01,253.96,4102616
SMCI,2023-08-28,257.36,262.1,253.73,255.16,1974323
SMCI,2023-08-29,253.64,277.6,251.0146,261.63,3637097
SMCI,2023-08-30,263.74,275.88,257.32,267.92,3483821
SMCI,2023-08-31,270.0,283.035,264.0515,275.08,6637173
SMCI,2023-09-01,277.0,283.33,266.55,282.16,3753438
SMCI,2023-09-05,279.4,286.93,274.27,280.28,3360315
SMCI,2023-09-06,277.1,281.9999,270.3,274.03,2461312
SMCI,2023-09-07,265.12,267.94,254.2,267.48,2922869
SMCI,2023-09-08,266.25,281.2602,265.58,280.66,2937247
SMCI,2023-09-11,285.47,287.7299,275.06,277.32,2953848
SMCI,2023-09-12,273.54,279.83,265.67,267.68,2213784
SMCI,2023-09-13,267.02,277.18,266.21,270.96,2581922
SMCI,2023-09-14,271.77,276.29,267.92,270.77,2412713
SMCI,2023-09-15,268.0,269.28,247.2,249.26,4578564
SMCI,2023-09-18,241.0,248.48,239.1196,244.3,2611266
SMCI,2023-09-19,248.5,250.59,244.08,247.74,2030210
SMCI,2023-09-20,247.74,254.68,242.39,243.07,1571994
SMCI,2023-09-21,234.08,237.3999,228.26,231.54,2551852
SMCI,2023-09-22,234.9,237.615,231.36,235.75,1603856
SMCI,2023-09-25,234.0,250.0577,233.36,248.86,2558939
SMCI,2023-09-26,245.48,255.2,245.48,249.21,1989797
SMCI,2023-09-27,252.92,261.62,251.08,257.54,2805612
SMCI,2023-09-28,256.39,272.59,255.0,269.38,2713311
SMCI,2023-09-29,274.01,283.6299,273.0,274.22,3360986
SMCI,2023-10-02,275.0,292.0,274.6307,288.86,3486550
SMCI,2023-10-03,286.56,289.0,266.33,269.97,3789774
SMCI,2023-10-04,273.95,280.974,270.6,280.4,3093093
SMCI,2023-10-05,279.65,288.1,276.5,287.6,2857329
SMCI,2023-10-06,284.42,294.3999,280.61,289.67,2827920
SMCI,2023-10-09,284.02,291.9885,276.64,290.0,2430090
SMCI,2023-10-10,295.0,317.4999,294.98,310.31,5138452
SMCI,2023-10-11,311.1,315.97,302.5601,308.86,3699770
SMCI,2023-10-12,312.53,315.55,292.26,293.21,4055455
SMCI,2023-10-13,293.0,296.9899,277.5901,285.2,3798862
SMCI,2023-10-16,284.79,294.265,277.86,291.69,2417622
SMCI,2023-10-17,281.0,300.557,274.28,298.54,4287931
SMCI,2023-10-18,292.7,298.2699,281.46,285.03,3213244
SMCI,2023-10-19,287.5,289.49,263.75,265.05,4021640
SMCI,2023-10-20,264.71,266.6479,248.04,248.58,3614164
SMCI,2023-10-23,246.15,257.9686,238.66,254.89,2947118
SMCI,2023-10-24,259.9,265.25,253.19,262.615,2514940
SMCI,2023-10-25,261.25,266.66,252.8,253.99,2238210
SMCI,2023-10-26,252.38,253.347,234.665,239.46,3103877
SMCI,2023-10-27,248.0,248.99,239.5906,241.4,1811698
SMCI,2023-10-30,245.85,248.31,232.87,236.62,2631287
SMCI,2023-10-31,236.37,242.38,226.59,239.47,1931307
SMCI,2023-11-01,241.3,254.0,241.21,252.27,3814989
SMCI,2023-11-02,260.76,263.5,227.3712,245.9,7467018
SMCI,2023-11-03,249.36,268.59,248.32,255.0,5000080
SMCI,2023-11-06,257.7,259.99,249.2,252.59,2523164
SMCI,2023-11-07,253.0,261.0,250.21,254.38,1930462
SMCI,2023-11-08,255.4,264.035,252.24,260.27,2128678
SMCI,2023-11-09,266.2,280.18,261.03,264.88,4015648
SMCI,2023-11-10,267.62,272.35,263.5101,266.03,2536800
SMCI,2023-11-13,264.75,265.06,253.1,255.8,2989163
SMCI,2023-11-14,266.0,294.67,264.53,293.87,6250371
SMCI,2023-11-15,294.95,297.48,283.14,287.78,3605455
SMCI,2023-11-16,283.0,289.29,278.0,283.67,1833361
SMCI,2023-11-17,285.0,295.43,283.7,288.59,2337289
SMCI,2023-11-20,289.0,305.89,289.0,304.6,2912999
SMCI,2023-11-21,299.0,302.99,289.65,289.85,2886118
SMCI,2023-11-22,293.2,301.6,276.52,286.66,3975093
SMCI,2023-11-24,283.56,288.3,280.67,285.67,965459
SMCI,2023-11-27,284.11,298.37,283.52,290.37,2357031
SMCI,2023-11-28,291.03,295.49,282.06,285.61,2332711
SMCI,2023-11-29,291.28,306.516,286.75,287.63,3663363
SMCI,2023-11-30,289.88,291.7299,267.72,273.47,4083672
SMCI,2023-12-01,262.26,270.7,260.25,269.63,4297581
SMCI,2023-12-04,267.2,269.16,256.81,266.35,2959802
SMCI,2023-12-05,263.45,269.94,259.71,262.96,2559803
SMCI,2023-12-06,267.5,268.06,253.37,253.42,2858391
SMCI,2023-12-07,255.5,258.5,251.29,256.15,2399711
SMCI,2023-12-08,255.0,274.2,254.6101,272.65,3157504
SMCI,2023-12-11,263.035,270.7,257.02,262.26,3135952
SMCI,2023-12-12,261.57,268.55,258.25,265.37,2178323
SMCI,2023-12-13,267.0,275.61,262.5,273.32,2735787
SMCI,2023-12-14,278.0,296.33,277.9,294.4,4544096
SMCI,2023-12-15,295.0,301.91,292.46,300.11,3752700
SMCI,2023-12-18,304.42,327.55,302.945,322.19,5732508
SMCI,2023-12-19,315.0,321.34,308.01,315.94,4014274
SMCI,2023-12-20,315.51,320.62,301.0823,302.08,3122931
SMCI,2023-12-21,308.94,313.98,300.725,304.18,2508423
SMCI,2023-12-22,307.57,309.25,285.05,289.72,4439496
SMCI,2023-12-26,290.91,296.71,287.44,294.33,2422059
SMCI,2023-12-27,298.0,299.0,290.85,295.0,1411700
SMCI,2023-12-28,293.61,297.25,290.64,291.45,1265106
SMCI,2023-12-29,291.51,293.34,280.17,284.26,2104416
SMCI,2024-01-02,280.0,287.0,275.8813,285.45,1904226
SMCI,2024-01-03,277.25,287.89,276.52,280.64,1677613
SMCI,2024-01-04,280.5,295.4799,276.27,288.8,2311056
SMCI,2024-01-05,288.8,298.8799,287.5726,292.13,2343098
SMCI,2024-01-08,294.89,321.82,293.52,320.28,4262624
SMCI,2024-01-09,318.33,349.1799,317.21,343.73,6703270
SMCI,2024-01-10,347.0,357.99,332.2401,342.38,5345446
SMCI,2024-01-11,344.84,355.18,330.74,343.31,4172923
SMCI,2024-01-12,345.53,349.48,338.29,339.56,2289206
SMCI,2024-01-16,340.55,352.0,324.3109,326.31,4732855
SMCI,2024-01-17,320.51,322.0,305.75,318.23,3585772
SMCI,2024-01-18,330.01,333.9999,306.47,311.44,4875126
SMCI,2024-01-19,347.56,428.69,338.8801,423.36,23112517
SMCI,2024-01-22,456.35,485.86,410.19,436.24,18823317
SMCI,2024-01-23,436.0,458.27,416.54,457.38,9677196
SMCI,2024-01-24,471.29,496.78,460.23,470.19,12116966
SMCI,2024-01-25,476.11,483.66,466.11,475.58,6717272
SMCI,2024-01-26,467.1,483.25,459.7,474.15,5035443
SMCI,2024-01-29,475.67,495.72,471.9,495.67,11525120
SMCI,2024-01-30,547.32,554.44,501.17,512.97,17956424
SMCI,2024-01-31,503.35,546.0,503.3281,529.61,11997282
SMCI,2024-02-01,540.0,587.6099,536.0,583.5,13609604
SMCI,2024-02-02,592.52,606.0,565.0,579.63,12189571
SMCI,2024-02-05,589.88,670.0,587.95,663.35,17594558
SMCI,2024-02-06,673.0,686.0,625.81,681.59,18488979
SMCI,2024-02-07,675.0,699.77,660.0,683.6,12332979
SMCI,2024-02-08,670.76,714.49,666.05,698.0,9413737
SMCI,2024-02-09,710.05,745.17,708.8966,740.29,10834792
SMCI,2024-02-12,761.34,810.0,745.07,773.01,16872321
SMCI,2024-02-13,750.0,800.0,745.51,791.49,14480457
SMCI,2024-02-14,823.31,886.03,820.88,880.55,20128571
SMCI,2024-02-15,945.0,1006.3499,917.7132,1004.0,25240600
SMCI,2024-02-16,1045.5,1077.87,801.15,803.32,34016842
SMCI,2024-02-20,790.0,802.0,692.5,787.57,25409856
SMCI,2024-02-21,749.75,772.4999,708.0801,734.17,14960961
SMCI,2024-02-22,864.99,1003.5399,834.0001,975.52,25372699
SMCI,2024-02-23,938.16,995.0,824.0201,860.01,19384365
SMCI,2024-02-26,884.47,895.961,830.0201,876.34,9607835
SMCI,2024-02-27,862.94,869.0,814.0,851.11,6910368
SMCI,2024-02-28,820.0,846.5,812.0,816.54,6032474
SMCI,2024-02-29,839.0,890.5199,839.0,866.12,8842858
SMCI,2024-03-01,881.88,927.0,881.0,905.48,10881603
SMCI,2024-03-04,1039.0,1155.0,1020.34,1074.34,20162093
SMCI,2024-03-05,1035.0,1097.4999,976.1,1090.83,13304400
SMCI,2024-03-06,1158.0,1169.5,1092.0,1124.7,11893338
SMCI,2024-03-07,1133.0,1162.045,1090.3,1159.76,8824257
SMCI,2024-03-08,1212.0,1229.0,1092.0,1140.01,11750598
SMCI,2024-03-11,1100.25,1111.0,1025.0001,1080.22,7115493
SMCI,2024-03-12,1124.29,1166.32,1094.001,1163.0,6747296
SMCI,2024-03-13,1148.73,1197.9999,1122.34,1188.07,5875960
SMCI,2024-03-14,1175.0,1195.63,1110.5472,1130.11,6244526
SMCI,2024-03-15,1123.45,1135.6008,1066.26,1068.83,16964046
SMCI,2024-03-18,1107.0,1147.79,952.06,1000.68,11530732
SMCI,2024-03-19,888.61,925.0,863.0,910.97,10484363
SMCI,2024-03-20,900.0,905.5,855.0,896.47,7645674
SMCI,2024-03-21,938.0,994.44,906.158,971.61,8563013
SMCI,2024-03-22,954.54,985.47,947.2,972.74,5069105
SMCI,2024-03-25,972.75,1072.7399,967.0001,1042.79,7017240
SMCI,2024-03-26,1087.0,1106.11,1022.11,1025.06,6356346
SMCI,2024-03-27,1042.12,1047.8108,986.34,1023.29,5257844
SMCI,2024-03-28,1008.62,1033.0,997.02,1010.03,3463092
SMCI,2024-04-01,1010.0,1069.0,1005.0,1037.15,5185227
SMCI,2024-04-02,1000.0,1012.6,975.09,1009.91,4230101
SMCI,2024-04-03,975.0,1042.4499,965.825,1015.57,6182434
SMCI,2024-04-04,1030.7,1057.18,956.1601,957.99,5816629
SMCI,2024-04-05,968.0,981.99,932.02,948.02,5344482
SMCI,2024-04-08,962.495,964.0,902.0,928.5,4316716
SMCI,2024-04-09,925.0,937.24,881.0,904.2,4031507
SMCI,2024-04-10,876.145,924.0,871.1,908.54,4137316
SMCI,2024-04-11,912.0,945.3635,907.1932,937.28,3677034
SMCI,2024-04-12,920.3,924.99,894.0,898.49,3332228
SMCI,2024-04-15,912.0,936.36,881.08,882.75,4191473
SMCI,2024-04-16,901.32,981.46,893.0,976.3,7106253
SMCI,2024-04-17,992.008,1020.33,949.41,960.08,7154580
SMCI,2024-04-18,961.88,972.99,917.46,928.48,4288116
SMCI,2024-04-19,871.0,890.83,710.95,713.65,17237551
SMCI,2024-04-22,731.92,733.84,671.0,717.02,9302555
SMCI,2024-04-23,730.0,793.37,714.06,761.86,8341070
SMCI,2024-04-24,788.99,806.99,737.05,754.72,6737926
SMCI,2024-04-25,725.96,796.86,721.12,787.4,5061062
SMCI,2024-04-26,799.22,861.0,788.05,857.44,7061260
SMCI,2024-04-29,839.0,897.84,830.0,890.35,5855511
SMCI,2024-04-30,876.0,910.84,851.08,858.8,7361446
SMCI,2024-05-01,777.36,781.35,700.0,738.3,13534014
SMCI,2024-05-02,767.16,768.21,709.12,762.52,6495393
SMCI,2024-05-03,770.0,801.59,768.0,782.7,5089609
SMCI,2024-05-06,791.83,833.0751,786.9001,830.35,5339399
SMCI,2024-05-07,811.0,834.2,806.26,819.29,4072794
SMCI,2024-05-08,802.35,843.7688,800.38,822.64,3714281
SMCI,2024-05-09,828.51,830.86,790.51,799.7,3871269
SMCI,2024-05-10,817.44,833.3899,793.25,798.5,3789119
SMCI,2024-05-13,810.82,811.99,762.63,782.76,2812540
SMCI,2024-05-14,775.0,829.2399,766.7697,822.37,4994340
SMCI,2024-05-15,844.01,954.4999,835.27,952.36,9748469
SMCI,2024-05-16,924.0,971.0199,901.0,904.4,6996868
SMCI,2024-05-17,925.2,931.99,878.0,887.89,5188480
SMCI,2024-05-20,902.0,925.25,870.05,903.94,5360800
SMCI,2024-05-21,889.0,939.94,877.77,898.95,5915022
SMCI,2024-05-22,910.12,911.65,862.5139,873.27,5622912
SMCI,2024-05-23,934.49,972.31,835.6601,847.38,11445516
SMCI,2024-05-24,858.0,899.2,838.61,883.88,6835142
SMCI,2024-05-28,899.0,909.65,865.0,874.72,6216762
SMCI,2024-05-29,858.63,863.8,827.0901,839.72,4913511
SMCI,2024-05-30,832.0,845.24,815.2,827.94,4735316
SMCI,2024-05-31,816.0,819.65,760.01,784.51,7376184
SMCI,2024-06-03,802.0,806.05,741.22,770.59,6149101
SMCI,2024-06-04,759.0,780.66,754.0,771.61,4075379
SMCI,2024-06-05,795.0,822.54,780.18,802.52,6304168
SMCI,2024-06-06,805.0,808.0,755.55,777.92,5032463
SMCI,2024-06-07,763.64,782.9099,758.47,769.11,3437463
SMCI,2024-06-10,761.65,804.0,753.03,786.86,4854227
SMCI,2024-06-11,780.0,784.98,763.085,767.61,3028142
SMCI,2024-06-12,785.0,801.3539,766.16,774.74,4115142
SMCI,2024-06-13,785.0,883.17,784.0,871.1,11602977
SMCI,2024-06-14,846.93,872.0,825.61,844.54,6589296
SMCI,2024-06-17,857.4,921.91,828.09,887.41,8901577
SMCI,2024-06-18,897.0,938.88,883.31,920.01,8749742
SMCI,2024-06-20,961.29,1014.02,900.32,917.635,13413287
SMCI,2024-06-21,900.1,917.9499,863.22,905.26,7428921
SMCI,2024-06-24,881.0,882.5,820.0,826.98,7716409
SMCI,2024-06-25,846.51,857.22,823.0,843.12,4721706
SMCI,2024-06-26,843.5,852.14,808.27,831.16,4522674
SMCI,2024-06-27,831.01,892.7779,825.6242,890.36,7119370
SMCI,2024-06-28,899.0,899.88,815.2,819.35,16163076
SMCI,2024-07-01,831.44,832.0,773.81,812.32,7115536
SMCI,2024-07-02,799.4,850.92,796.2863,837.17,5486003
SMCI,2024-07-03,837.19,857.19,821.01,847.0,3197108
SMCI,2024-07-05,847.3,866.7,828.25,846.58,4801427
SMCI,2024-07-08,864.0,926.88,860.05,899.34,9814724
SMCI,2024-07-09,907.83,934.55,883.02,895.61,6526319
SMCI,2024-07-10,888.7,913.9799,873.36,899.98,5035938
SMCI,2024-07-11,910.35,915.14,865.81,889.22,5592470
SMCI,2024-07-12,889.61,926.0,875.8,909.96,5153626
SMCI,2024-07-15,940.0,963.3,882.0,897.68,8672871
SMCI,2024-07-16,901.32,903.98,866.01,876.96,4360139
SMCI,2024-07-17,845.5,846.65,814.8,816.31,5656070
SMCI,2024-07-18,831.05,834.95,774.0701,801.61,5965226
SMCI,2024-07-19,788.23,821.9231,778.32,796.78,6906596
SMCI,2024-07-22,806.4,808.7497,765.4,786.28,4853239
SMCI,2024-07-23,778.54,805.47,762.19,783.22,4208485
SMCI,2024-07-24,765.0,773.65,705.1,711.56,6769230
SMCI,2024-07-25,699.99,720.5,663.2,695.61,7043951
SMCI,2024-07-26,710.61,724.29,697.55,712.19,4356774
SMCI,2024-07-29,720.73,730.01,692.31,697.73,3861895
SMCI,2024-07-30,705.0,707.0,656.31,666.31,4889042
SMCI,2024-07-31,710.0,720.56,691.81,701.65,4954517
SMCI,2024-08-01,704.56,724.45,658.58,672.24,5415798
SMCI,2024-08-02,630.0,636.98,582.455,624.65,7698824
SMCI,2024-08-05,535.59,626.74,529.5001,608.83,7078733
SMCI,2024-08-06,616.01,628.79,588.82,616.94,11120089
SMCI,2024-08-07,532.46,546.9999,488.88,492.7,18120246
SMCI,2024-08-08,497.0,528.6236,478.56,509.94,11823754
SMCI,2024-08-09,510.385,514.9578,492.04,508.76,5914996
SMCI,2024-08-12,511.11,564.0,510.47,540.98,9167822
SMCI,2024-08-13,563.84,583.87,548.63,567.43,8101305
SMCI,2024-08-14,584.12,585.305,546.355,577.09,6974562
SMCI,2024-08-15,584.48,636.75,573.1871,626.69,9553033
SMCI,2024-08-16,624.01,639.73,612.0705,628.8,8055622
SMCI,2024-08-19,622.0,629.79,595.28,623.62,6871848
SMCI,2024-08-20,616.74,630.5,598.38,610.91,6057513
SMCI,2024-08-21,612.89,628.75,601.78,623.78,5735921
SMCI,2024-08-22,629.37,630.8145,602.24,604.82,6111009
SMCI,2024-08-23,611.15,626.98,603.88,613.24,5283111
SMCI,2024-08-26,610.0,618.18,555.2401,562.51,9035533
SMCI,2024-08-27,518.9,557.0,513.5,547.64,11674256
SMCI,2024-08-28,485.94,487.47,395.1801,443.49,36951615
SMCI,2024-08-29,435.88,475.33,435.36,448.82,13050850
SMCI,2024-08-30,457.97,459.3,419.55,437.7,10885182
SMCI,2024-09-03,430.05,464.4,428.71,441.78,9716873
SMCI,2024-09-04,420.12,435.42,408.4,423.47,7161134
SMCI,2024-09-05,411.35,421.93,406.825,414.6,6195121
SMCI,2024-09-06,402.0,406.6894,382.8,386.46,9045698
SMCI,2024-09-09,392.735,417.77,387.51,409.87,8018001
SMCI,2024-09-10,410.65,418.88,400.73,412.72,4945542
SMCI,2024-09-11,416.0,446.0,411.2201,445.4,7319763
SMCI,2024-09-12,441.34,449.5,431.72,442.13,4939208
SMCI,2024-09-13,442.93,469.4999,438.9642,457.16,6912215
SMCI,2024-09-16,447.16,457.16,433.55,449.1,4262617
SMCI,2024-09-17,452.78,457.88,435.315,439.38,3641980
SMCI,2024-09-18,443.7,460.95,436.15,436.88,5753759
SMCI,2024-09-19,455.08,457.6096,435.58,437.2,4943520
SMCI,2024-09-20,439.18,458.18,436.21,457.27,7549835
SMCI,2024-09-23,450.61,483.5099,448.8808,465.94,7150420
SMCI,2024-09-24,465.06,473.615,452.2634,463.61,5339505
SMCI,2024-09-25,465.0,476.74,457.9204,458.15,4993858
SMCI,2024-09-26,471.58,484.36,373.01,402.4,23854092
SMCI,2024-09-27,400.0,423.97,400.0,419.74,10730821
SMCI,2024-09-30,413.49,437.9804,412.46,416.4,6812113
SMCI,2024-10-01,41.75,42.735,40.0,40.55,30448966
SMCI,2024-10-02,40.01,42.06,39.8447,42.0,21914080
SMCI,2024-10-03,41.8,44.23,41.26,41.55,30438501
SMCI,2024-10-04,42.3,42.9199,40.52,41.23,30941345
SMCI,2024-10-07,41.53,48.495,41.51,47.74,104682150
SMCI,2024-10-08,50.09,50.1,44.06,45.35,106071321
SMCI,2024-10-09,45.85,49.35,45.53,47.29,65221226
SMCI,2024-10-10,45.8,47.0,44.4,46.47,40499936
SMCI,2024-10-11,45.83,48.15,45.75,47.8,35099110
SMCI,2024-10-14,48.175,49.46,46.44,47.39,43565845
SMCI,2024-10-15,47.35,48.61,45.73,47.76,37412481
SMCI,2024-10-16,48.3,50.346,47.26,48.75,50006058
SMCI,2024-10-17,50.4,50.61,47.15,47.585,47620314
SMCI,2024-10-18,48.08,48.98,47.01,47.26,31767027
SMCI,2024-10-21,47.39,48.88,46.93,47.8,36191794
SMCI,2024-10-22,47.79,48.18,44.81,45.97,41087739
SMCI,2024-10-23,45.442,46.1379,44.61,45.36,23177013
SMCI,2024-10-24,45.665,47.24,45.63,46.23,23590637
SMCI,2024-10-25,46.68,48.4,46.46,47.27,32172650
SMCI,2024-10-28,47.799,48.72,47.28,47.72,26795990
SMCI,2024-10-29,47.67,49.7,46.75,49.12,33586383
SMCI,2024-10-30,34.85,38.0,32.2,33.07,236332910
SMCI,2024-10-31,30.06,30.89,27.22,29.11,129562178
SMCI,2024-11-01,27.6,28.75,25.71,26.05,102696512
SMCI,2024-11-04,24.89,27.97,23.9,26.03,91990409
SMCI,2024-11-05,25.975,28.0,25.1,27.7,106586366
SMCI,2024-11-06,20.87,23.0,20.2,22.7,122877375
SMCI,2024-11-07,22.48,25.78,22.11,25.48,88063204
SMCI,2024-11-08,25.685,26.25,23.76,24.52,60373480
SMCI,2024-11-11,22.35,23.6558,21.3,23.23,71190541
SMCI,2024-11-12,22.11,23.055,21.58,21.7,43915872
SMCI,2024-11-13,21.0149,21.7999,20.275,20.33,55364442
SMCI,2024-11-14,17.99,19.24,17.3604,18.01,94937312
SMCI,2024-11-15,17.8,18.79,17.25,18.58,74042001
SMCI,2024-11-18,20.03,23.88,20.0,21.54,197801718
SMCI,2024-11-19,27.11,29.5,25.61,28.27,232385787
SMCI,2024-11-20,27.29,27.71,24.82,25.8,105340474
SMCI,2024-11-21,27.68,30.5,26.51,29.7,117672718
SMCI,2024-11-22,30.84,34.37,30.5,33.15,159369393
SMCI,2024-11-25,36.025,39.23,35.55,38.41,169376149
SMCI,2024-11-26,37.59,37.67,34.03,34.43,95098235
SMCI,2024-11-27,35.26,37.14,34.43,35.07,63088782
SMCI,2024-11-29,32.97,33.49,31.11,32.64,59999081
SMCI,2024-12-02,37.78,44.15,35.32,42.0,263199462
SMCI,2024-12-03,44.42,45.99,38.82,40.21,204235531
SMCI,2024-12-04,40.145,42.5,39.52,41.81,96567755
SMCI,2024-12-05,42.42,42.83,40.92,41.14,71058610
SMCI,2024-12-06,42.03,44.97,41.34,43.93,107684181
SMCI,2024-12-09,47.93,48.0,44.09,44.16,98675441
SMCI,2024-12-10,43.39,43.405,39.77,40.54,83142644
SMCI,2024-12-11,38.19,38.8,36.07,38.29,79413118
SMCI,2024-12-12,37.81,39.8,37.5,37.93,39116557
SMCI,2024-12-13,37.0,37.55,35.55,36.45,64786853
SMCI,2024-12-16,31.505,35.38,31.2,33.44,82599140
SMCI,2024-12-17,33.635,35.37,33.34,33.8,41806721
SMCI,2024-12-18,33.8,34.72,32.01,32.23,47497655
SMCI,2024-12-19,32.915,33.47,30.82,31.24,38991603
SMCI,2024-12-20,30.95,33.47,30.51,31.59,69585440
SMCI,2024-12-23,31.815,32.59,31.58,32.4,25771245
SMCI,2024-12-24,32.3,35.5,32.19,34.33,41335366
SMCI,2024-12-26,35.085,35.41,33.0,33.74,28073900
SMCI,2024-12-27,33.25,33.56,31.635,31.98,31917176
SMCI,2024-12-30,31.28,31.49,30.12,30.68,32096833
SMCI,2024-12-31,30.87,31.39,29.95,30.48,26448973
SMCI,2025-01-02,30.97,31.39,29.9,30.05,24200870
SMCI,2025-01-03,30.41,33.45,30.1287,33.33,34356600
SMCI,2025-01-06,34.95,38.5,34.92,36.45,56214021
SMCI,2025-01-07,36.34,36.55,34.06,34.38,32079722
SMCI,2025-01-08,33.97,33.97,31.72,32.61,25858451
SMCI,2025-01-10,32.3,34.075,31.71,32.6,29601881
SMCI,2025-01-13,30.84,31.24,29.01,31.08,33753630
SMCI,2025-01-14,31.95,32.39,30.4048,30.53,21517927
SMCI,2025-01-15,31.38,31.71,30.48,30.99,26979392
SMCI,2025-01-16,31.9,32.8176,30.89,31.12,26313885
SMCI,2025-01-17,31.75,31.83,30.76,30.82,24153290
SMCI,2025-01-21,31.38,33.49,31.11,32.45,39851589
SMCI,2025-01-22,33.98,34.98,32.7,33.86,46352022
SMCI,2025-01-23,33.25,33.855,32.79,33.41,21458712
SMCI,2025-01-24,34.0,34.7,33.06,33.27,31685297
SMCI,2025-01-27,30.31,31.95,28.42,29.07,59858799
SMCI,2025-01-28,29.44,29.7,27.2152,28.18,35597674
SMCI,2025-01-29,28.32,28.505,27.61,27.8,25622308
SMCI,2025-01-30,28.58,28.81,27.81,28.64,22553831
SMCI,2025-01-31,28.7,30.76,28.34,28.52,38000938
SMCI,2025-02-03,27.2,27.61,25.71,26.85,44656917
SMCI,2025-02-04,27.82,29.4499,27.35,29.16,35878981
SMCI,2025-02-05,31.03,33.125,29.75,31.49,83080008
SMCI,2025-02-06,31.97,34.45,31.85,33.84,65970735
SMCI,2025-02-07,34.55,36.96,34.33,36.28,72517789
SMCI,2025-02-10,38.0,42.88,37.36,42.65,134564357
SMCI,2025-02-11,40.59,42.39,38.42,38.61,153098467
SMCI,2025-02-12,42.3,43.89,38.86,39.68,161227546
SMCI,2025-02-13,39.01,43.2896,37.5,42.28,110305911
SMCI,2025-02-14,42.94,48.18,42.85,47.91,133008839
SMCI,2025-02-18,51.0,56.23,50.99,55.8,162884725
SMCI,2025-02-19,59.04,66.4399,55.61,60.25,336443035
SMCI,2025-02-20,57.21,62.47,54.3,59.27,181359312
SMCI,2025-02-21,61.0,62.43,55.07,56.07,104609770
SMCI,2025-02-24,53.88,56.25,50.26,51.61,83735424
SMCI,2025-02-25,50.115,50.67,44.0,45.54,146050896
SMCI,2025-02-26,55.02,56.19,50.05,51.11,144509908
SMCI,2025-02-27,49.065,50.0,42.545,42.95,121177470
SMCI,2025-02-28,40.225,43.49,38.88,41.46,96029594
SMCI,2025-03-03,42.28,42.3792,35.61,36.07,100767436
SMCI,2025-03-04,35.0,40.61,34.51,39.14,109648276
SMCI,2025-03-05,39.35,40.9,38.2302,38.9,69598163
SMCI,2025-03-06,37.5,39.66,35.66,37.05,71283206
SMCI,2025-03-07,36.37,38.49,35.3628,38.24,59061015
SMCI,2025-03-10,37.8,39.45,35.99,36.9,72304512
SMCI,2025-03-11,36.81,41.47,36.61,40.84,95314409
SMCI,2025-03-12,43.955,44.99,41.85,42.47,92407185
SMCI,2025-03-13,42.13,42.9699,38.9,39.08,55961867
SMCI,2025-03-14,40.48,42.26,40.2501,42.17,56809168
SMCI,2025-03-17,42.68,43.1699,40.9,41.94,40174257
SMCI,2025-03-18,41.07,41.23,37.85,37.9,53334869
SMCI,2025-03-19,38.79,41.31,38.15,40.1,60714296
SMCI,2025-03-20,39.81,40.7,38.55,39.1,43549297
SMCI,2025-03-21,39.26,42.63,38.91,42.15,64052420
SMCI,2025-03-24,40.81,42.695,39.72,41.72,84843128
SMCI,2025-03-25,41.58,43.3899,40.09,40.64,54154801
SMCI,2025-03-26,40.295,40.84,36.6244,37.04,59598993
SMCI,2025-03-27,36.385,36.78,34.66,34.72,48512318
SMCI,2025-03-28,34.755,36.09,33.89,34.26,45561576
SMCI,2025-03-31,32.75,34.57,32.14,34.24,43814765
SMCI,2025-04-01,34.25,35.9,33.9,35.05,41752301
SMCI,2025-04-02,34.02,36.05,33.7652,35.09,39934462
SMCI,2025-04-03,32.03,33.16,31.55,32.32,45050146
SMCI,2025-04-04,30.7,31.19,27.65,29.82,54490225
SMCI,2025-04-07,27.91,34.1455,27.6,33.0,73009810
SMCI,2025-04-08,35.14,35.49,30.92,31.71,61430949
SMCI,2025-04-09,32.0,37.39,31.405,36.71,69891782
SMCI,2025-04-10,35.09,35.4799,32.5,33.68,38130449
SMCI,2025-04-11,34.08,34.3313,32.565,33.15,27608719
SMCI,2025-04-14,35.03,35.12,32.97,33.12,33565630
SMCI,2025-04-15,33.215,34.59,33.07,33.48,27661282
SMCI,2025-04-16,31.855,33.65,30.92,31.89,38821481
SMCI,2025-04-17,32.08,32.25,30.44,31.505,26958502
SMCI,2025-04-21,30.75,30.91,28.9,29.51,35384428
SMCI,2025-04-22,30.075,31.05,29.57,30.58,32367197
SMCI,2025-04-23,33.02,34.99,32.625,32.9,56444792
SMCI,2025-04-24,33.65,36.48,33.51,35.81,50380410
SMCI,2025-04-25,35.905,36.74,35.3,36.47,38163413
SMCI,2025-04-28,36.54,37.82,36.06,37.27,42508717
SMCI,2025-04-29,36.92,37.29,35.94,36.0,43312256
SMCI,2025-04-30,29.12,32.0,28.7831,31.86,98230510
SMCI,2025-05-01,32.15,33.78,31.1501,32.73,55087522
SMCI,2025-05-02,32.94,34.13,32.69,33.71,45306805
SMCI,2025-05-05,33.1,33.495,32.12,32.17,33477394
SMCI,2025-05-06,31.72,33.335,31.52,32.94,44675879
SMCI,2025-05-07,31.1,32.97,30.54,32.48,58616872
SMCI,2025-05-08,32.93,33.19,31.95,32.11,42736601
SMCI,2025-05-09,32.13,32.835,31.195,31.99,31459202
SMCI,2025-05-12,33.89,35.07,32.95,33.52,51333927
SMCI,2025-05-13,34.46,39.095,34.18,38.89,96751993
SMCI,2025-05-14,45.925,46.57,43.08,45.0,169224142
SMCI,2025-05-15,44.05,45.38,41.4101,43.96,87035064
SMCI,2025-05-16,45.5,47.8,45.03,46.15,99288866
SMCI,2025-05-19,44.225,46.41,44.14,44.79,45618324
SMCI,2025-05-20,44.79,44.825,42.395,42.77,43284207
SMCI,2025-05-21,43.525,44.33,41.2301,41.65,54953961
SMCI,2025-05-22,41.69,42.44,41.18,41.32,30515093
SMCI,2025-05-23,39.77,40.48,39.11,40.09,37900688
SMCI,2025-05-27,41.405,43.09,40.81,41.57,40092343
SMCI,2025-05-28,41.93,42.94,40.9519,41.96,39353276
SMCI,2025-05-29,43.17,43.97,41.0415,41.15,36005075
SMCI,2025-05-30,40.71,40.93,39.05,40.02,34887531
SMCI,2025-06-02,39.65,41.24,39.51,41.2,25940360
SMCI,2025-06-03,41.325,43.9,41.13,43.19,41728728
SMCI,2025-06-04,43.93,44.72,42.88,44.13,31201552
SMCI,2025-06-05,43.59,44.18,40.34,40.77,40701847
SMCI,2025-06-06,42.035,42.42,41.39,41.55,25509641
SMCI,2025-06-09,42.24,43.365,41.88,43.12,27406263
SMCI,2025-06-10,43.19,43.65,42.34,42.91,21494940
SMCI,2025-06-11,43.65,44.55,42.78,43.21,34008854
SMCI,2025-06-12,42.65,44.08,42.32,43.36,24671668
SMCI,2025-06-13,42.03,42.4699,40.745,41.56,36493547
SMCI,2025-06-16,42.28,44.42,42.07,43.69,33860891
SMCI,2025-06-17,43.24,44.22,42.91,43.11,20761023
SMCI,2025-06-18,43.07,45.67,42.79,44.47,40654629
SMCI,2025-06-20,45.7,46.1799,44.14,45.32,51588528
SMCI,2025-06-23,43.47,43.6,40.775,40.89,69270750
SMCI,2025-06-24,41.385,43.15,41.055,42.84,58068381
SMCI,2025-06-25,43.34,46.93,43.12,46.61,86439467
SMCI,2025-06-26,47.055,49.52,46.07,49.27,72397640
SMCI,2025-06-27,49.48,49.97,46.861,47.58,53757337
SMCI,2025-06-30,48.7,50.55,48.23,49.01,49238045
SPY,2023-01-03,384.37,386.43,377.831,380.82,74850731
SPY,2023-01-04,383.18,385.88,380.0,383.76,85934098
SPY,2023-01-05,381.72,381.84,378.76,379.38,76275354
SPY,2023-01-06,382.61,389.25,379.4127,388.08,104052662
SPY,2023-01-09,390.37,393.7,387.67,387.86,73978071
SPY,2023-01-10,387.25,390.65,386.27,390.58,65298094
SPY,2023-01-11,392.23,395.6,391.38,395.52,68702980
SPY,2023-01-12,396.67,398.485,392.42,396.96,90145699
SPY,2023-01-13,393.62,399.1,393.34,398.5,63853932
SPY,2023-01-17,398.48,400.23,397.06,397.77,62577281
SPY,2023-01-18,399.01,400.12,391.28,391.49,99495062
SPY,2023-01-19,389.36,391.08,387.26,388.64,86601919
SPY,2023-01-20,390.1,396.04,388.38,395.88,91542126
SPY,2023-01-23,396.72,402.645,395.72,400.63,84178797
SPY,2023-01-24,398.88,401.15,397.64,400.2,59469411
SPY,2023-01-25,395.95,400.7,393.56,400.35,84684501
SPY,2023-01-26,403.13,404.92,400.03,404.75,72177425
SPY,2023-01-27,403.655,408.16,403.44,405.68,68249180
SPY,2023-01-30,402.8,405.13,400.28,400.59,74067618
SPY,2023-01-31,401.13,406.53,400.77,406.48,86655786
SPY,2023-02-01,405.211,413.67,402.35,410.8,101459155
SPY,2023-02-02,414.86,418.31,412.88,416.78,101192713
SPY,2023-02-03,411.59,416.97,411.09,412.35,94577181
SPY,2023-02-06,409.79,411.29,408.1,409.83,60250025
SPY,2023-02-07,408.87,416.49,407.57,415.19,90721745
SPY,2023-02-08,413.13,414.53,409.93,410.65,76227462
SPY,2023-02-09,414.41,414.57,405.81,407.09,78564109
SPY,2023-02-10,405.86,408.44,405.01,408.04,70767615
SPY,2023-02-13,408.72,412.97,408.24,412.83,64903039
SPY,2023-02-14,411.24,415.05,408.511,412.64,87681813
SPY,2023-02-15,410.35,414.06,409.47,413.98,61368279
SPY,2023-02-16,408.79,412.91,408.14,408.28,76418169
SPY,2023-02-17,406.06,407.51,404.05,407.26,89196815
SPY,2023-02-21,403.06,404.16,398.82,399.09,82585674
SPY,2023-02-22,399.52,401.13,397.02,398.54,83500793
SPY,2023-02-23,401.56,402.2,396.25,400.66,96195399
SPY,2023-02-24,395.42,397.25,393.64,396.38,108122913
SPY,2023-02-27,399.87,401.29,396.75,397.73,80251136
SPY,2023-02-28,397.23,399.28,396.15,396.26,96350567
SPY,2023-03-01,395.41,396.69,393.38,394.74,99552823
SPY,2023-03-02,392.68,398.69,392.33,397.81,85372726
SPY,2023-03-03,399.71,404.45,399.03,404.19,90119952
SPY,2023-03-06,405.05,407.45,404.01,404.47,72758446
SPY,2023-03-07,404.42,404.67,397.625,398.27,108161096
SPY,2023-03-08,398.39,399.71,396.59,398.92,74446632
SPY,2023-03-09,399.74,401.48,390.53,391.56,111830522
SPY,2023-03-10,390.99,393.16,384.32,385.91,189189896
SPY,2023-03-13,381.81,390.39,380.65,385.36,157039967
SPY,2023-03-14,390.5,393.45,387.05,391.73,149752354
SPY,2023-03-15,385.89,389.49,383.71,389.28,172784933
SPY,2023-03-16,386.82,396.47,386.29,396.11,143667640
SPY,2023-03-17,393.22,394.4,388.55,389.99,140350911
SPY,2023-03-20,390.8,394.17,390.07,393.74,93055783
SPY,2023-03-21,397.24,399.41,395.58,398.91,91439734
SPY,2023-03-22,398.73,402.49,392.07,392.11,111699083
SPY,2023-03-23,395.09,399.29,390.35,393.17,119243819
SPY,2023-03-24,391.841,395.84,389.4,395.75,107397124
SPY,2023-03-27,398.12,398.92,395.56,396.49,74010408
SPY,2023-03-28,395.77,396.49,393.69,395.6,62871680
SPY,2023-03-29,399.925,401.6,398.68,401.35,77497876
SPY,2023-03-30,404.09,404.35,401.76,403.7,69726849
SPY,2023-03-31,404.66,409.7,404.55,409.39,112024624
SPY,2023-04-03,408.85,411.37,408.44,410.95,67331097
SPY,2023-04-04,411.62,411.92,407.24,408.67,66526534
SPY,2023-04-05,407.91,408.7,405.88,407.6,64855243
SPY,2023-04-06,406.77,409.48,405.678,409.19,63743345
SPY,2023-04-10,406.61,409.69,405.97,409.61,63681042
SPY,2023-04-11,410.26,411.18,408.92,409.72,59297945
SPY,2023-04-12,411.87,412.17,407.44,408.05,86413179
SPY,2023-04-13,409.18,413.84,407.9922,413.47,85785954
SPY,2023-04-14,412.81,415.09,410.06,412.46,78155845
SPY,2023-04-17,412.37,413.96,411.085,413.94,66321399
SPY,2023-04-18,415.58,415.72,412.7802,414.21,63550097
SPY,2023-04-19,412.22,415.08,412.16,414.14,55227330
SPY,2023-04-20,411.21,413.7,410.27,411.88,75840359
SPY,2023-04-21,412.19,412.68,410.17,412.2,73107422
SPY,2023-04-24,411.99,413.07,410.6,412.63,64324595
SPY,2023-04-25,410.58,411.16,406.02,406.08,96743071
SPY,2023-04-26,406.72,407.84,403.78,404.36,80447049
SPY,2023-04-27,407.0,412.69,406.74,412.41,92943619
SPY,2023-04-28,411.49,415.94,411.43,415.93,89433137
SPY,2023-05-01,415.47,417.62,415.265,415.51,62012504
SPY,2023-05-02,414.77,414.82,407.82,410.84,103880184
SPY,2023-05-03,411.36,413.87,407.77,408.02,91531769
SPY,2023-05-04,406.93,407.27,403.74,405.13,94831863
SPY,2023-05-05,408.91,413.72,408.64,412.63,87627791
SPY,2023-05-08,412.97,413.24,411.28,412.74,50046768
SPY,2023-05-09,411.13,412.09,410.6894,410.93,49215359
SPY,2023-05-10,413.88,414.535,408.87,412.85,96142922
SPY,2023-05-11,411.95,412.43,409.97,412.13,70147264
SPY,2023-05-12,413.42,413.64,409.07,411.59,70481548
SPY,2023-05-15,412.22,413.43,410.23,413.01,54289383
SPY,2023-05-16,411.86,412.815,410.24,410.25,57705495
SPY,2023-05-17,412.35,415.855,410.635,415.23,86786957
SPY,2023-05-18,414.9,419.67,414.67,419.23,97177195
SPY,2023-05-19,420.17,420.72,417.35,418.62,103793317
SPY,2023-05-22,418.64,420.39,417.35,418.79,60717899
SPY,2023-05-23,417.08,418.722,413.68,414.09,86383493
SPY,2023-05-24,412.42,412.82,409.8795,411.09,89201678
SPY,2023-05-25,414.74,416.16,412.4101,414.65,90961606
SPY,2023-05-26,415.33,420.77,415.25,420.02,93829975
SPY,2023-05-30,422.03,422.58,418.735,420.18,72207960
SPY,2023-05-31,418.28,419.22,416.22,417.85,110782530
SPY,2023-06-01,418.09,422.92,416.79,421.82,88758018
SPY,2023-06-02,424.5,428.74,423.95,427.92,91426171
SPY,2023-06-05,428.28,429.67,426.37,427.1,70168016
SPY,2023-06-06,426.67,428.5772,425.99,428.03,63706675
SPY,2023-06-07,428.44,429.62,426.11,426.55,85344025
SPY,2023-06-08,426.62,429.6,425.82,429.13,61952842
SPY,2023-06-09,429.96,431.99,428.87,429.9,85647268
SPY,2023-06-12,430.92,433.88,430.17,433.8,76256703
SPY,2023-06-13,435.32,437.33,434.63,436.66,95847204
SPY,2023-06-14,437.01,439.0612,433.59,437.18,100603680
SPY,2023-06-15,436.33,443.9,436.23,442.6,110195091
SPY,2023-06-16,443.02,443.6078,438.97,439.46,114165849
SPY,2023-06-20,437.45,438.37,435.03,437.18,75935359
SPY,2023-06-21,436.16,436.99,434.33,434.94,76840751
SPY,2023-06-22,433.95,436.62,433.6,436.51,70510175
SPY,2023-06-23,432.93,435.06,432.47,433.21,91981537
SPY,2023-06-26,432.62,434.61,431.19,431.44,72723560
SPY,2023-06-27,432.35,436.81,431.88,436.17,73064702
SPY,2023-06-28,435.05,437.44,434.41,436.39,75635976
SPY,2023-06-29,435.96,438.28,435.54,438.11,67882304
SPY,2023-06-30,441.44,444.3,441.11,443.28,104964019
SPY,2023-07-03,442.92,444.08,442.63,443.79,32593378
SPY,2023-07-05,441.91,443.889,441.9,443.13,58418432
SPY,2023-07-06,439.42,440.1,437.06,439.66,80658302
SPY,2023-07-07,438.63,442.64,438.3,438.55,85434178
SPY,2023-07-10,438.18,439.84,437.585,439.66,62443501
SPY,2023-07-11,440.45,442.97,439.44,442.46,64463752
SPY,2023-07-12,446.39,447.4799,444.91,446.02,91895927
SPY,2023-07-13,447.9,450.38,447.45,449.56,71975241
SPY,2023-07-14,450.475,451.36,448.49,449.28,69695823
SPY,2023-07-17,449.13,451.93,449.08,450.84,52680221
SPY,2023-07-18,450.5,454.86,450.0484,454.19,80744448
SPY,2023-07-19,455.01,456.43,454.1119,455.2,65639688
SPY,2023-07-20,454.17,455.1,451.44,452.18,70575142
SPY,2023-07-21,453.96,454.165,452.17,452.18,70940618
SPY,2023-07-24,453.37,455.04,452.298,454.2,54043580
SPY,2023-07-25,453.92,456.735,453.87,455.44,54844740
SPY,2023-07-26,454.47,456.99,453.38,455.51,70897885
SPY,2023-07-27,459.02,459.44,451.55,452.49,92090375
SPY,2023-07-28,455.88,457.78,452.4918,456.92,80001790
SPY,2023-07-31,457.41,458.16,456.045,457.79,61970449
SPY,2023-08-01,456.27,457.25,455.49,456.48,55478674
SPY,2023-08-02,453.25,453.52,449.3499,450.13,93933369
SPY,2023-08-03,448.04,450.79,447.37,448.84,63910792
SPY,2023-08-04,450.72,452.895,446.27,446.81,100128902
SPY,2023-08-07,448.71,450.865,447.99,450.71,58328464
SPY,2023-08-08,448.08,450.6952,445.2705,448.75,71319824
SPY,2023-08-09,449.03,449.1999,444.96,445.75,78789575
SPY,2023-08-10,448.19,451.7,444.7,445.91,93005495
SPY,2023-08-11,443.97,446.7007,443.345,445.65,68636902
SPY,2023-08-14,444.7,448.11,444.38,448.11,47825941
SPY,2023-08-15,446.27,446.64,442.3,442.89,75703284
SPY,2023-08-16,442.46,444.18,439.53,439.64,80107206
SPY,2023-08-17,441.16,441.43,435.75,436.29,95711315
SPY,2023-08-18,433.37,437.57,433.01,436.5,97499400
SPY,2023-08-21,437.55,440.11,435.32,439.34,68703957
SPY,2023-08-22,441.18,441.18,437.57,438.15,65053111
SPY,2023-08-23,439.25,443.67,439.1,443.03,68441021
SPY,2023-08-24,444.69,445.22,436.855,436.89,88351064
SPY,2023-08-25,438.68,441.3,435.0,439.97,102325103
SPY,2023-08-28,442.24,443.4,439.9728,442.76,61595393
SPY,2023-08-29,442.65,449.45,442.46,449.16,83077916
SPY,2023-08-30,449.51,451.67,448.78,451.01,69053911
SPY,2023-08-31,451.65,452.83,450.16,450.35,66084563
SPY,2023-09-01,453.17,453.67,449.68,451.19,58944098
SPY,2023-09-05,450.73,451.06,449.17,449.24,54634810
SPY,2023-09-06,448.4,448.51,443.81,446.22,70758512
SPY,2023-09-07,443.11,445.55,442.75,444.85,70348426
SPY,2023-09-08,444.9,447.11,444.53,445.52,62068437
SPY,2023-09-11,448.24,448.77,446.4699,448.45,59977618
SPY,2023-09-12,446.95,448.53,445.39,445.99,67565422
SPY,2023-09-13,446.22,447.71,445.0793,446.51,60123672
SPY,2023-09-14,449.07,451.08,447.715,450.36,83133514
SPY,2023-09-15,447.14,447.48,442.92,443.37,111798734
SPY,2023-09-18,443.05,444.97,442.56,443.63,55752213
SPY,2023-09-19,442.68,443.29,439.94,442.71,66514648
SPY,2023-09-20,444.01,444.435,438.43,438.64,82472602
SPY,2023-09-21,435.7,435.97,431.23,431.39,102273826
SPY,2023-09-22,432.45,434.1,429.99,430.42,100829684
SPY,2023-09-25,429.17,432.27,428.72,432.23,70822134
SPY,2023-09-26,429.09,429.82,425.02,425.88,96130936
SPY,2023-09-27,427.09,427.67,422.29,426.05,104439847
SPY,2023-09-28,425.48,430.2499,424.87,428.52,91858308
SPY,2023-09-29,431.67,431.85,425.91,427.48,115111319
SPY,2023-10-02,426.62,428.6,424.46,427.31,83798599
SPY,2023-10-03,425.06,427.3729,420.18,421.59,103698607
SPY,2023-10-04,422.07,425.4299,420.56,424.66,87452518
SPY,2023-10-05,424.36,425.37,421.1701,424.5,70128794
SPY,2023-10-06,421.97,431.125,420.6,429.54,113213309
SPY,2023-10-09,427.58,432.88,427.0101,432.29,80374362
SPY,2023-10-10,432.94,437.22,432.53,434.54,78499268
SPY,2023-10-11,435.64,436.58,433.18,436.32,62451736
SPY,2023-10-12,436.95,437.335,431.23,433.66,80654230
SPY,2023-10-13,435.21,436.45,429.88,431.5,95201132
SPY,2023-10-16,433.82,437.14,433.57,436.04,75433194
SPY,2023-10-17,432.81,438.14,432.45,436.02,75232708
SPY,2023-10-18,434.19,435.18,429.09,430.21,93559798
SPY,2023-10-19,430.95,432.82,425.725,426.43,121295457
SPY,2023-10-20,425.98,426.54,421.08,421.19,122919874
SPY,2023-10-23,419.61,424.45,417.8,420.46,91840945
SPY,2023-10-24,422.65,424.82,420.74,423.63,78564239
SPY,2023-10-25,421.89,421.92,417.015,417.55,93911198
SPY,2023-10-26,416.45,417.325,411.6,412.55,115062041
SPY,2023-10-27,414.19,414.6,409.21,410.68,107367671
SPY,2023-10-30,413.56,416.68,408.91,415.59,86560987
SPY,2023-10-31,416.18,418.53,414.21,418.2,79631900
SPY,2023-11-01,419.2,423.5,418.6499,422.66,98068115
SPY,2023-11-02,426.58,430.915,426.56,430.76,94838909
SPY,2023-11-03,433.14,436.29,433.01,434.69,99620775
SPY,2023-11-06,435.47,436.1498,433.68,435.69,67216066
SPY,2023-11-07,435.69,437.585,434.51,436.93,64256114
SPY,2023-11-08,437.55,438.09,434.87,437.25,61731027
SPY,2023-11-09,438.43,438.47,433.4,433.84,83071417
SPY,2023-11-10,435.98,440.93,433.8335,440.61,89558054
SPY,2023-11-13,439.23,441.33,438.42,440.19,52192568
SPY,2023-11-14,446.32,450.06,446.09,448.73,97130503
SPY,2023-11-15,450.11,451.38,448.8,449.68,77327573
SPY,2023-11-16,449.22,450.56,448.12,450.23,66654468
SPY,2023-11-17,450.24,451.42,449.29,450.79,83193902
SPY,2023-11-20,450.53,455.125,450.52,454.26,69614633
SPY,2023-11-21,453.1842,454.131,451.9599,453.27,49244639
SPY,2023-11-22,454.98,456.38,453.8895,455.02,59446573
SPY,2023-11-24,455.07,455.5,454.73,455.3,29667375
SPY,2023-11-27,454.65,455.4901,454.0799,454.48,50412985
SPY,2023-11-28,454.08,456.27,453.5,454.93,62083811
SPY,2023-11-29,457.15,458.32,454.2,454.61,63140992
SPY,2023-11-30,455.48,456.76,453.34,456.4,79752700
SPY,2023-12-01,455.77,459.65,455.16,459.1,88983400
SPY,2023-12-04,455.6,459.1206,454.34,456.69,72430888
SPY,2023-12-05,455.26,457.59,454.87,456.6,69793469
SPY,2023-12-06,458.81,458.84,454.31,454.76,69124685
SPY,2023-12-07,456.91,458.9,456.29,458.23,66475446
SPY,2023-12-08,457.46,460.745,457.21,460.2,82769404
SPY,2023-12-11,459.69,462.17,459.47,461.99,64895247
SPY,2023-12-12,461.63,464.2,460.6,464.1,68327617
SPY,2023-12-13,464.49,470.7599,464.12,470.5,93221960
SPY,2023-12-14,472.5,473.73,469.25,472.01,118424368
SPY,2023-12-15,469.49,470.7,467.4263,469.33,141553673
SPY,2023-12-18,470.98,472.98,469.8929,471.97,70375285
SPY,2023-12-19,472.53,474.92,472.45,474.84,55261805
SPY,2023-12-20,473.96,475.895,467.82,468.26,102920959
SPY,2023-12-21,471.33,472.975,468.84,472.7,86136465
SPY,2023-12-22,473.86,475.38,471.7,473.65,67160419
SPY,2023-12-26,474.07,476.58,473.99,475.65,55386952
SPY,2023-12-27,475.44,476.66,474.89,476.51,67999311
SPY,2023-12-28,476.88,477.55,476.26,476.69,77158116
SPY,2023-12-29,476.49,477.03,473.3,475.31,122133149
SPY,2024-01-02,472.16,473.67,470.49,472.65,122985393
SPY,2024-01-03,470.43,471.19,468.17,468.79,103577866
SPY,2024-01-04,468.3,470.96,467.05,467.28,84202339
SPY,2024-01-05,467.49,470.44,466.43,467.92,86118913
SPY,2024-01-08,468.43,474.75,468.3,474.6,74667074
SPY,2024-01-09,471.87,474.93,471.35,473.88,65613439
SPY,2024-01-10,474.16,477.4481,473.87,476.56,67300640
SPY,2024-01-11,477.59,478.12,472.26,476.35,77910013
SPY,2024-01-12,477.84,478.6,475.23,476.68,58026420
SPY,2024-01-16,475.26,476.6098,473.06,474.93,84814870
SPY,2024-01-17,471.82,472.79,469.87,472.29,68843871
SPY,2024-01-18,474.01,477.06,472.42,476.49,91856248
SPY,2024-01-19,477.65,482.72,476.5374,482.43,110834483
SPY,2024-01-22,484.01,485.22,482.78,483.45,75742531
SPY,2024-01-23,484.01,485.105,482.89,484.86,49699297
SPY,2024-01-24,487.81,488.77,484.8819,485.39,81725039
SPY,2024-01-25,487.575,488.305,485.39,488.03,72504989
SPY,2024-01-26,487.59,489.12,486.54,487.41,77030572
SPY,2024-01-29,487.73,491.415,487.17,491.27,61322751
SPY,2024-01-30,490.56,491.62,490.11,490.89,57658386
SPY,2024-01-31,488.62,489.0813,482.86,482.88,126011061
SPY,2024-02-01,484.63,489.23,483.8,489.2,91891637
SPY,2024-02-02,489.65,496.05,489.3,494.35,99228192
SPY,2024-02-05,493.695,494.3778,490.23,492.55,75677102
SPY,2024-02-06,493.52,494.32,492.05,493.98,55918602
SPY,2024-02-07,496.29,498.53,495.36,498.1,70413706
SPY,2024-02-08,498.1,498.71,497.26,498.32,52312096
SPY,2024-02-09,498.84,501.65,498.49,501.2,63579375
SPY,2024-02-12,501.17,503.5,500.24,500.98,56502283
SPY,2024-02-13,494.53,497.09,490.715,494.08,113099199
SPY,2024-02-14,496.79,499.07,494.4,498.57,68360627
SPY,2024-02-15,499.29,502.2,498.795,502.01,61682960
SPY,2024-02-16,501.7,502.87,498.75,499.51,75532928
SPY,2024-02-20,497.72,498.41,494.45,496.76,71736740
SPY,2024-02-21,495.42,497.37,493.56,497.21,59443671
SPY,2024-02-22,504.01,508.49,503.02,507.5,76402535
SPY,2024-02-23,509.27,510.13,507.1,507.85,61321818
SPY,2024-02-26,508.3,508.75,505.86,505.99,50386738
SPY,2024-02-27,506.7,507.16,504.75,506.93,48826828
SPY,2024-02-28,505.33,506.855,504.96,506.26,56506634
SPY,2024-02-29,508.07,509.74,505.35,508.08,83271045
SPY,2024-03-01,508.98,513.29,508.56,512.85,76692344
SPY,2024-03-04,512.03,514.2,512.0,512.3,49799257
SPY,2024-03-05,510.24,510.7,504.91,507.18,72820623
SPY,2024-03-06,510.55,512.069,508.42,509.75,68214867
SPY,2024-03-07,513.14,515.89,509.8053,514.81,58639485
SPY,2024-03-08,515.46,518.2201,511.13,511.72,86532535
SPY,2024-03-11,510.48,511.88,508.5,511.28,62557183
SPY,2024-03-12,513.45,517.38,510.86,516.78,72869439
SPY,2024-03-13,517.11,517.29,514.49,515.97,55104088
SPY,2024-03-14,516.97,517.125,511.82,514.95,110149920
SPY,2024-03-15,510.21,511.7,508.122,509.83,107646297
SPY,2024-03-18,514.0,515.48,512.44,512.86,89025817
SPY,2024-03-19,512.15,515.995,511.12,515.71,60755263
SPY,2024-03-20,515.77,520.62,515.08,520.48,69594574
SPY,2024-03-21,523.39,524.11,521.91,522.2,60256112
SPY,2024-03-22,522.11,522.605,520.97,521.21,78920842
SPY,2024-03-25,519.8,520.95,519.61,519.77,48512108
SPY,2024-03-26,521.23,521.58,518.4,518.81,65463744
SPY,2024-03-27,521.71,523.21,519.485,523.17,82999777
SPY,2024-03-28,523.21,524.61,522.78,523.07,96294886
SPY,2024-04-01,523.83,524.38,520.97,522.16,62477540
SPY,2024-04-02,518.24,518.98,516.48,518.84,74230308
SPY,2024-04-03,517.72,520.95,517.665,519.41,59155759
SPY,2024-04-04,523.52,523.8674,512.755,513.07,96583574
SPY,2024-04-05,514.46,520.44,514.01,518.43,74546483
SPY,2024-04-08,519.15,520.18,517.89,518.72,48331202
SPY,2024-04-09,520.5,520.75,514.35,519.32,68124385
SPY,2024-04-10,513.48,516.16,512.09,514.12,82652806
SPY,2024-04-11,515.68,519.48,512.08,518.0,69873607
SPY,2024-04-12,514.37,515.815,509.08,510.85,92561094
SPY,2024-04-15,515.13,515.3,503.58,504.45,91911383
SPY,2024-04-16,504.94,506.5,502.21,503.53,73338462
SPY,2024-04-17,506.05,506.22,499.12,500.55,75550490
SPY,2024-04-18,501.98,504.13,498.56,499.52,74440556
SPY,2024-04-19,499.44,500.455,493.86,495.16,101688674
SPY,2024-04-22,497.83,502.38,495.43,499.72,67917950
SPY,2024-04-23,501.78,506.09,499.5328,505.65,64524650
SPY,2024-04-24,506.56,507.37,503.13,505.41,55926114
SPY,2024-04-25,499.18,504.27,497.49,503.49,69076388
SPY,2024-04-26,506.35,509.88,505.7,508.26,63300432
SPY,2024-04-29,510.09,510.75,507.25,510.06,44833100
SPY,2024-04-30,508.56,509.56,501.98,501.98,76578307
SPY,2024-05-01,501.38,508.19,499.865,500.35,80203062
SPY,2024-05-02,504.15,505.89,499.55,505.03,62276093
SPY,2024-05-03,511.16,512.55,508.56,511.29,71890647
SPY,2024-05-06,513.75,516.61,513.3,516.57,47236717
SPY,2024-05-07,517.56,518.57,516.45,517.14,50977654
SPY,2024-05-08,515.26,517.74,515.14,517.19,42012599
SPY,2024-05-09,517.38,520.2074,516.705,520.17,43583253
SPY,2024-05-10,521.81,522.635,519.59,520.84,52201942
SPY,2024-05-13,522.56,522.67,519.74,520.91,36692999
SPY,2024-05-14,521.11,523.83,520.56,523.3,57521901
SPY,2024-05-15,525.83,530.08,525.18,529.78,59427333
SPY,2024-05-16,529.88,531.5218,528.54,528.69,50203330
SPY,2024-05-17,528.81,529.52,527.32,529.45,59151072
SPY,2024-05-20,529.57,531.5601,529.17,530.06,37711090
SPY,2024-05-21,529.28,531.52,529.07,531.36,33382000
SPY,2024-05-22,530.65,531.38,527.6,529.83,47734744
SPY,2024-05-23,532.96,533.07,524.72,525.96,56651841
SPY,2024-05-24,527.85,530.27,526.881,529.44,41239368
SPY,2024-05-28,530.27,530.51,527.11,529.81,36263860
SPY,2024-05-29,525.68,527.31,525.37,526.1,44751381
SPY,2024-05-30,524.52,525.2,521.33,522.61,45453300
SPY,2024-05-31,523.59,527.5,518.36,527.37,90193041
SPY,2024-06-03,529.02,529.31,522.6,527.8,46822158
SPY,2024-06-04,526.46,529.15,524.96,528.39,33998893
SPY,2024-06-05,530.77,534.69,528.7254,534.67,47512476
SPY,2024-06-06,534.98,535.42,532.68,534.66,30346423
SPY,2024-06-07,533.66,536.89,532.535,534.01,43131322
SPY,2024-06-10,533.18,535.99,532.57,535.66,35296725
SPY,2024-06-11,534.07,537.01,532.05,536.95,35439089
SPY,2024-06-12,541.63,544.12,540.3,541.36,62925319
SPY,2024-06-13,543.15,543.325,539.59,542.45,44408457
SPY,2024-06-14,540.88,542.81,539.85,542.78,39506074
SPY,2024-06-17,542.08,548.53,541.6072,547.1,55644455
SPY,2024-06-18,547.16,548.62,546.73,548.49,41040714
SPY,2024-06-20,549.44,550.12,545.18,547.0,70302302
SPY,2024-06-21,544.4,545.65,543.02,544.51,62463451
SPY,2024-06-24,544.33,546.95,542.62,542.74,45142961
SPY,2024-06-25,543.99,545.2,542.44,544.83,38253579
SPY,2024-06-26,543.69,546.24,543.03,545.51,38408871
SPY,2024-06-27,545.37,546.96,544.61,546.37,34948595
SPY,2024-06-28,547.16,550.28,542.95,544.22,74580583
SPY,2024-07-01,545.63,545.88,542.52,545.34,39768188
SPY,2024-07-02,543.7,549.01,543.65,549.01,40387980
SPY,2024-07-03,548.69,551.83,548.65,551.46,32745296
SPY,2024-07-05,551.77,555.05,551.12,554.64,40482332
SPY,2024-07-08,555.44,556.2501,554.19,555.28,35042786
SPY,2024-07-09,556.26,557.18,555.52,555.82,27267633
SPY,2024-07-10,557.07,561.67,556.77,561.32,38356194
SPY,2024-07-11,561.44,562.33,555.83,556.48,52706585
SPY,2024-07-12,557.63,563.67,557.15,559.99,52036648
SPY,2024-07-15,562.03,564.8371,559.63,561.53,39747529
SPY,2024-07-16,562.865,565.16,562.1,564.86,36395318
SPY,2024-07-17,558.8,560.51,556.61,556.94,56363332
SPY,2024-07-18,558.51,559.52,550.43,552.66,56212063
SPY,2024-07-19,552.42,554.08,547.91,548.99,64684164
SPY,2024-07-22,553.0,555.27,551.02,554.65,43079133
SPY,2024-07-23,554.54,556.735,553.275,553.78,34305474
SPY,2024-07-24,548.86,549.17,540.29,541.23,74471646
SPY,2024-07-25,541.35,547.455,537.45,538.41,61109252
SPY,2024-07-26,542.28,547.19,541.49,544.44,53395294
SPY,2024-07-29,546.02,547.05,542.72,544.76,38782837
SPY,2024-07-30,546.26,547.34,538.515,542.0,46698790
SPY,2024-07-31,548.98,553.5,547.5799,550.81,65493213
SPY,2024-08-01,552.57,554.8688,539.43,543.01,75433227
SPY,2024-08-02,535.75,536.99,528.6,532.9,82782352
SPY,2024-08-05,511.64,523.58,510.27,517.38,146018265
SPY,2024-08-06,519.22,529.75,517.87,522.15,84436699
SPY,2024-08-07,528.47,531.59,518.0519,518.66,70486085
SPY,2024-08-08,523.91,531.29,521.84,530.65,63269260
SPY,2024-08-09,529.81,534.51,528.56,532.99,45425963
SPY,2024-08-12,534.21,535.73,530.95,533.27,42533175
SPY,2024-08-13,536.53,542.28,536.28,542.04,50110167
SPY,2024-08-14,542.85,544.96,540.12,543.75,42362522
SPY,2024-08-15,549.5,553.36,548.88,553.07,60762738
SPY,2024-08-16,551.42,555.02,551.26,554.31,44368969
SPY,2024-08-19,554.73,559.61,553.86,559.61,38648958
SPY,2024-08-20,559.15,560.84,557.325,558.7,33693989
SPY,2024-08-21,559.77,562.11,557.99,560.62,41486103
SPY,2024-08-22,562.56,563.18,554.98,556.22,55852753
SPY,2024-08-23,559.53,563.09,557.29,562.13,49663754
SPY,2024-08-26,563.18,563.91,559.05,560.79,35144494
SPY,2024-08-27,559.49,562.06,558.32,561.56,32029663
SPY,2024-08-28,561.21,561.65,555.04,558.3,40558700
SPY,2024-08-29,560.31,563.68,557.18,558.35,38658614
SPY,2024-08-30,560.77,564.2,557.14,563.68,61635914
SPY,2024-09-03,560.47,560.81,549.51,552.08,60572158
SPY,2024-09-04,550.2,554.43,549.46,550.95,47187878
SPY,2024-09-05,550.89,553.7995,547.1,549.61,44221714
SPY,2024-09-06,549.94,551.6,539.44,540.36,68474879
SPY,2024-09-09,544.65,547.71,542.68,546.41,40320265
SPY,2024-09-10,548.36,549.15,543.38,548.79,36362274
SPY,2024-09-11,548.7,555.36,539.96,554.42,75188663
SPY,2024-09-12,555.01,559.4,552.74,559.09,51859135
SPY,2024-09-13,559.71,563.03,559.45,562.01,39302797
SPY,2024-09-16,561.74,563.11,559.9,562.84,36162873
SPY,2024-09-17,565.1,566.58,560.795,563.07,49174813
SPY,2024-09-18,563.74,568.69,560.83,561.4,59038884
SPY,2024-09-19,571.01,572.88,568.08,570.98,74787929
SPY,2024-09-20,567.84,569.31,565.17,568.25,76511430
SPY,2024-09-23,569.34,570.3325,568.1,569.67,43858373
SPY,2024-09-24,570.48,571.36,567.6,571.3,46489998
SPY,2024-09-25,571.14,571.89,568.91,570.04,38202261
SPY,2024-09-26,574.38,574.71,569.9,572.3,48272986
SPY,2024-09-27,573.39,574.22,570.42,571.47,41979765
SPY,2024-09-30,570.42,574.38,568.08,573.76,62335196
SPY,2024-10-01,573.4,574.0622,566.0,568.62,72618145
SPY,2024-10-02,567.71,569.9,565.27,568.86,36954096
SPY,2024-10-03,567.36,569.8025,565.49,567.82,40222890
SPY,2024-10-04,572.35,573.36,568.1,572.98,42988748
SPY,2024-10-07,571.3,571.9599,566.63,567.8,49940658
SPY,2024-10-08,570.42,573.78,569.5299,573.17,37343183
SPY,2024-10-09,573.16,577.71,572.55,577.14,37878456
SPY,2024-10-10,575.77,577.58,574.49,576.13,44020938
SPY,2024-10-11,576.05,580.33,575.91,579.58,42223198
SPY,2024-10-14,581.22,585.27,580.73,584.32,36194866
SPY,2024-10-15,584.59,584.9,578.545,579.78,54177417
SPY,2024-10-16,579.78,582.83,578.96,582.3,30710995
SPY,2024-10-17,585.91,586.12,582.16,582.35,34342753
SPY,2024-10-18,584.07,585.39,582.58,584.59,37412809
SPY,2024-10-21,583.85,584.85,580.6001,583.63,35957860
SPY,2024-10-22,581.05,584.5,580.38,583.32,34146549
SPY,2024-10-23,581.26,581.7086,574.415,577.99,49278112
SPY,2024-10-24,579.98,580.06,576.57,579.24,34897444
SPY,2024-10-25,581.51,584.46,578.08,579.04,46940935
SPY,2024-10-28,582.58,582.71,580.52,580.83,29654704
SPY,2024-10-29,579.85,582.907,578.43,581.77,41940377
SPY,2024-10-30,581.29,583.32,579.29,580.01,40574283
SPY,2024-10-31,575.56,575.63,568.44,568.64,59909578
SPY,2024-11-01,571.32,575.55,570.62,571.04,44828457
SPY,2024-11-04,571.18,572.5,567.89,569.81,34968183
SPY,2024-11-05,570.74,576.74,570.52,576.7,39143366
SPY,2024-11-06,589.2,591.93,585.39,591.04,66899640
SPY,2024-11-07,593.08,596.65,592.9999,595.61,46301414
SPY,2024-11-08,596.17,599.64,596.165,598.19,46013576
SPY,2024-11-11,599.81,600.17,597.0,598.76,37384211
SPY,2024-11-12,598.68,599.29,594.37,596.9,42815840
SPY,2024-11-13,597.37,599.23,594.96,597.19,46771835
SPY,2024-11-14,597.32,597.81,592.65,593.35,38689477
SPY,2024-11-15,589.72,590.2,583.86,585.75,75902951
SPY,2024-11-18,586.22,589.49,585.34,588.15,35732550
SPY,2024-11-19,584.71,591.045,584.03,590.3,48048527
SPY,2024-11-20,590.38,590.79,584.63,590.5,49168339
SPY,2024-11-21,593.4,595.12,587.45,593.67,46716101
SPY,2024-11-22,593.66,596.15,593.1525,595.51,38137895
SPY,2024-11-25,599.52,600.86,595.2,597.53,42365646
SPY,2024-11-26,598.8,601.33,598.07,600.65,45037222
SPY,2024-11-27,600.46,600.85,597.28,598.83,33830457
SPY,2024-11-29,599.66,603.35,599.3805,602.55,29846717
SPY,2024-12-02,602.97,604.32,602.47,603.63,31012758
SPY,2024-12-03,603.39,604.16,602.341,603.91,26685817
SPY,2024-12-04,605.63,607.91,604.95,607.66,41320349
SPY,2024-12-05,607.66,608.48,606.305,606.66,28612464
SPY,2024-12-06,607.44,609.07,607.02,607.81,30317162
SPY,2024-12-09,607.69,607.86,604.08,604.68,34005574
SPY,2024-12-10,605.37,605.8,602.13,602.8,36796272
SPY,2024-12-11,605.78,608.435,605.5,607.46,28008357
SPY,2024-12-12,606.58,607.16,604.33,604.33,31267689
SPY,2024-12-13,606.4,607.13,602.81,604.21,34771316
SPY,2024-12-16,606.0,607.7795,605.21,606.79,41912384
SPY,2024-12-17,604.19,605.17,602.885,604.29,52938951
SPY,2024-12-18,603.98,606.405,585.89,586.28,103804119
SPY,2024-12-19,591.36,593.0,585.85,586.1,84416222
SPY,2024-12-20,581.77,595.75,580.91,591.15,125000829
SPY,2024-12-23,590.89,595.3,587.661,594.69,54229252
SPY,2024-12-24,596.06,601.34,595.47,601.3,31786391
SPY,2024-12-26,599.5,602.48,598.0825,601.34,41005317
SPY,2024-12-27,597.54,597.7761,590.7647,595.01,64126858
SPY,2024-12-30,587.89,591.74,584.41,588.22,55987123
SPY,2024-12-31,589.905,590.6399,584.42,586.08,56676490
SPY,2025-01-02,589.39,591.13,580.5,584.64,49863281
SPY,2025-01-03,587.53,592.6,586.43,591.95,37596737
SPY,2025-01-06,596.27,599.7,593.6,595.36,46234325
SPY,2025-01-07,597.42,597.75,586.78,588.63,59144039
SPY,2025-01-08,588.7,590.5799,585.195,589.49,46467822
SPY,2025-01-10,585.88,585.95,578.55,580.49,72266996
SPY,2025-01-13,575.77,581.75,575.35,581.39,47467366
SPY,2025-01-14,584.36,585.0,578.35,582.19,48261029
SPY,2025-01-15,590.325,593.94,589.195,592.78,56053984
SPY,2025-01-16,594.175,594.35,590.93,591.64,43106931
SPY,2025-01-17,596.96,599.36,595.61,597.58,54136167
SPY,2025-01-21,600.67,603.06,598.67,603.05,40466483
SPY,2025-01-22,605.92,607.82,605.36,606.44,46983541
SPY,2025-01-23,605.8,609.75,605.52,609.75,39611353
SPY,2025-01-24,609.81,610.78,606.8,607.97,34354188
SPY,2025-01-27,594.81,599.69,594.64,599.37,68808366
SPY,2025-01-28,600.62,605.37,597.25,604.52,43219969
SPY,2025-01-29,601.81,601.81,601.81,601.81,52608
SPY,2025-01-30,603.96,606.6,600.715,605.04,38894942
SPY,2025-01-31,607.5,609.96,601.05,601.82,66168550
SPY,2025-02-03,592.67,600.29,590.49,597.77,65560583
SPY,2025-02-04,597.83,602.3,597.28,601.78,33235104
SPY,2025-02-05,600.64,604.37,598.58,604.22,30564894
SPY,2025-02-06,605.99,606.4525,602.63,606.32,35672999
SPY,2025-02-07,606.89,608.13,600.05,600.77,50375800
SPY,2025-02-10,604.03,605.4999,602.74,604.85,25980716
SPY,2025-02-11,602.55,605.86,602.43,605.31,29874964
SPY,2025-02-12,599.2,604.55,598.51,603.36,44975771
SPY,2025-02-13,604.48,609.94,603.2,609.73,40050989
SPY,2025-02-14,609.94,610.99,609.07,609.7,26606823
SPY,2025-02-18,610.88,611.49,608.38,611.49,26553596
SPY,2025-02-19,610.08,613.23,609.56,612.93,29835532
SPY,2025-02-20,611.54,611.684,607.02,610.38,36204555
SPY,2025-02-21,610.16,610.3,599.47,599.94,76034859
SPY,2025-02-24,602.02,603.03,596.49,597.21,50107369
SPY,2025-02-25,597.15,597.89,589.56,594.24,56225678
SPY,2025-02-26,595.93,599.58,591.8556,594.54,43274377
SPY,2025-02-27,596.85,598.02,584.65,585.05,73719886
SPY,2025-02-28,585.56,594.72,582.44,594.18,88474500
SPY,2025-03-03,596.18,597.34,579.9,583.77,73416783
SPY,2025-03-04,579.71,585.39,572.25,576.86,108352679
SPY,2025-03-05,576.69,584.88,573.0795,583.06,70217709
SPY,2025-03-06,575.48,580.1736,570.12,572.71,80328058
SPY,2025-03-07,570.9,577.39,565.63,575.92,80387300
SPY,2025-03-10,567.59,569.54,555.59,560.58,97098010
SPY,2025-03-11,559.4,564.02,552.02,555.92,87506331
SPY,2025-03-12,562.17,563.11,553.69,558.87,68141184
SPY,2025-03-13,558.49,559.105,549.68,551.42,73664212
SPY,2025-03-14,556.11,563.83,551.4917,562.81,62010689
SPY,2025-03-17,562.79,569.71,562.35,567.15,48078729
SPY,2025-03-18,564.8,565.02,559.06,561.02,63962741
SPY,2025-03-19,562.83,570.95,561.63,567.13,64649004
SPY,2025-03-20,563.33,570.57,562.6012,565.49,60546819
SPY,2025-03-21,559.28,564.89,558.03,563.98,82719603
SPY,2025-03-24,570.8,575.15,570.2,574.08,58482511
SPY,2025-03-25,575.3,576.41,573.69,575.46,37621708
SPY,2025-03-26,575.19,576.33,567.19,568.59,51121479
SPY,2025-03-27,567.18,570.9,564.94,567.08,41925848
SPY,2025-03-28,565.53,566.2675,555.07,555.66,71628953
SPY,2025-03-31,549.83,560.7112,546.87,559.39,95128213
SPY,2025-04-01,557.45,562.94,553.68,560.97,54576641
SPY,2025-04-02,555.05,567.42,554.81,564.52,76007044
SPY,2025-04-03,545.11,547.97,536.7,536.7,125426398
SPY,2025-04-04,523.67,525.87,505.06,505.28,217902831
SPY,2025-04-07,489.19,523.17,481.8,504.38,256046855
SPY,2025-04-08,521.86,524.98,489.16,496.48,165553031
SPY,2025-04-09,493.44,548.62,493.05,548.62,241783327
SPY,2025-04-10,532.17,533.495,509.32,524.58,162294725
SPY,2025-04-11,523.01,536.43,520.07,533.94,96865434
SPY,2025-04-14,544.05,544.28,533.86,539.12,68033993
SPY,2025-04-15,539.675,543.23,536.81,537.61,56892874
SPY,2025-04-16,531.68,537.8854,520.29,525.66,83409814
SPY,2025-04-17,527.64,531.165,523.91,526.41,79440083
SPY,2025-04-21,521.16,521.7,508.46,513.88,69359529
SPY,2025-04-22,520.14,529.305,519.1925,527.25,75937717
SPY,2025-04-23,540.43,545.43,533.88,535.42,90565658
SPY,2025-04-24,536.715,547.43,535.4504,546.69,64149872
SPY,2025-04-25,546.65,551.05,543.69,550.64,60939590
SPY,2025-04-28,551.39,553.55,545.02,550.85,47602355
SPY,2025-04-29,548.91,555.45,548.55,554.32,47775121
SPY,2025-04-30,547.57,556.52,541.52,554.54,93094138
SPY,2025-05-01,560.37,564.0699,557.86,558.47,63171646
SPY,2025-05-02,564.73,568.38,562.38,566.76,60717270
SPY,2025-05-05,562.57,566.65,561.7,563.51,38608147
SPY,2025-05-06,557.93,563.3476,556.96,558.8,48264708
SPY,2025-05-07,560.15,563.82,556.04,561.15,55733229
SPY,2025-05-08,565.24,570.31,561.7,565.06,65130787
SPY,2025-05-09,566.48,567.5,562.7637,564.34,37603427
SPY,2025-05-12,581.47,583.0,577.04,582.99,78993570
SPY,2025-05-13,583.41,589.08,582.84,586.84,67947225
SPY,2025-05-14,587.81,588.98,585.535,587.59,66283531
SPY,2025-05-15,585.56,590.97,585.0969,590.46,71268145
SPY,2025-05-16,591.25,594.5,589.28,594.2,76052101
SPY,2025-05-19,588.1,595.54,588.1,594.85,68168509
SPY,2025-05-20,593.09,594.05,589.6,592.85,60614492
SPY,2025-05-21,588.44,592.58,581.82,582.86,95197657
SPY,2025-05-22,582.66,586.62,581.405,583.09,70860417
SPY,2025-05-23,575.98,581.8101,575.6,579.11,76029046
SPY,2025-05-27,586.07,591.31,578.43,591.15,72588475
SPY,2025-05-28,591.56,592.7688,586.985,587.73,68445512
SPY,2025-05-29,593.06,593.2,586.07,590.05,70073758
SPY,2025-05-30,588.93,591.1299,583.235,589.39,90601242
SPY,2025-06-02,587.76,592.79,585.06,592.71,61630502
SPY,2025-06-03,592.34,597.08,591.85,596.09,63606204
SPY,2025-06-04,596.96,597.95,595.49,595.93,57314199
SPY,2025-06-05,597.63,599.0,591.05,593.05,92436397
SPY,2025-06-06,598.66,600.83,596.86,599.14,66588743
SPY,2025-06-09,599.72,601.25,598.49,599.68,53016418
SPY,2025-06-10,600.22,603.47,599.09,603.08,66246973
SPY,2025-06-11,604.19,605.06,599.27,601.36,73658225
SPY,2025-06-12,600.01,603.75,599.52,603.75,64129003
SPY,2025-06-13,598.5,601.85,595.48,597.0,89505996
SPY,2025-06-16,600.4,604.45,600.22,602.68,79984125
SPY,2025-06-17,600.21,601.75,596.76,597.53,82209365
SPY,2025-06-18,598.44,601.22,596.47,597.44,76605029
SPY,2025-06-20,598.38,599.46,592.86,594.28,94051374
SPY,2025-06-23,595.04,600.54,591.89,600.15,87426039
SPY,2025-06-24,604.33,607.8499,603.41,606.78,67735293
SPY,2025-06-25,607.91,608.61,605.54,607.12,62114767
SPY,2025-06-26,608.99,612.31,608.37,611.87,78548361
SPY,2025-06-27,612.88,616.39,610.83,614.91,86258398
SPY,2025-06-30,617.38,619.22,615.04,617.85,92502541
